frame_num,count(*)
1000,3
10000,3
100000,1
1000600,10
1001400,6
100400,5
1004400,6
1007600,1
100800,1
101000,2
1010000,5
1010400,20
101200,3
101400,4
1014400,1
1017200,1
101800,4
10200,2
102000,1
1020200,1
1021400,3
102200,6
102400,2
102800,3
1031400,7
103600,1
103800,1
10400,1
104000,1
104200,2
1042400,3
104400,2
1044000,2
104600,3
104800,9
105000,2
105200,2
105600,2
105800,8
1061000,11
106200,1
106600,4
106800,4
107000,2
107200,2
108000,3
108200,2
1082800,4
108400,3
1084200,1
108600,2
108800,2
1088400,5
1089400,1
109000,2
109200,2
109400,3
1095000,2
109600,3
109800,1
11000,1
110200,2
110400,1
110800,2
111000,5
1110000,1
111400,6
111600,2
1118800,4
11200,3
112000,1
1122800,2
112600,2
112800,3
113000,3
1133600,5
113800,4
1138400,5
11400,4
114000,2
114400,3
1145800,8
114600,6
114800,1
115000,2
115200,4
115600,1
115800,1
116000,2
116200,2
116400,4
116800,3
117000,1
117400,2
11800,2
118000,4
118200,1
118400,4
118600,1
120000,2
120400,3
120600,1
120800,4
121000,5
121200,1
121400,1
121600,2
121800,1
12200,1
122000,1
122200,1
122400,1
122600,1
122800,1
123200,3
123600,1
124000,1
124400,1
124600,1
124800,1
125000,1
125200,2
125400,3
12600,1
126000,1
126400,2
126600,1
126800,1
127400,2
127600,1
127800,2
12800,2
128200,8
128400,1
128600,4
129400,1
129600,3
130000,1
130200,2
130400,4
131000,5
131200,4
132000,2
132200,1
132400,1
132800,4
133000,1
133400,5
133600,4
133800,4
134000,2
134200,3
134400,5
134600,4
135200,14
135600,2
136400,2
136600,2
136800,2
137000,2
137200,1
137400,1
137600,2
13800,1
138200,1
138400,2
139200,2
139400,3
139800,2
1400,6
140200,1
140600,1
140800,2
141000,1
141200,2
141400,2
141600,1
141800,6
14200,3
142200,1
142800,1
143000,3
143200,1
143400,2
143800,1
144000,2
144200,8
144400,2
144800,1
145400,3
145600,1
145800,1
14600,1
146000,1
146200,2
146400,1
146800,1
147400,1
147600,2
147800,2
148000,2
148400,1
148600,2
148800,2
149000,1
149200,5
149400,2
149800,3
150600,1
151000,3
151200,1
151600,3
152600,1
153200,7
153400,1
153800,7
15400,1
154000,12
154200,1
154400,1
154600,3
155400,2
156000,1
156200,2
156800,3
157200,6
157400,1
157600,1
157800,1
15800,2
158200,1
158600,1
159200,3
159400,1
1600,1
16000,1
160000,2
160200,4
160400,2
160600,5
160800,1
161000,2
161200,1
161600,3
161800,2
16200,1
162000,5
162400,4
162800,1
163200,2
163600,2
163800,4
16400,2
164200,1
164400,2
164600,3
164800,3
165000,1
165200,3
165400,4
16600,1
166200,4
166400,4
166600,4
166800,2
167800,2
16800,2
168400,3
169000,3
169800,2
17000,1
170000,2
170600,2
170800,2
171000,3
171200,4
171400,1
171600,2
171800,2
17200,1
172000,3
172400,3
172600,3
173400,3
173800,6
17400,1
174400,1
174600,3
175600,3
175800,2
17600,1
176000,4
176200,11
176400,1
176600,4
177000,6
177200,1
178400,2
178800,3
179000,5
179400,2
1800,3
180000,1
180200,1
180600,3
180800,1
181000,4
181200,2
181400,1
181600,2
182400,2
182600,2
182800,2
183200,2
183600,2
18400,3
184200,1
184400,4
184600,1
184800,2
185200,2
185600,4
185800,2
186200,2
186400,5
186600,1
186800,1
187400,1
187600,1
18800,2
188000,2
188200,2
188400,3
188600,2
188800,1
189000,4
189200,1
189400,1
189600,4
189800,4
190000,4
190200,1
190600,1
190800,2
191200,1
191800,2
192400,2
192800,3
193000,2
193200,3
193400,2
193600,1
194000,2
194400,2
194600,1
194800,1
195200,2
195400,4
195600,3
195800,2
19600,1
196400,1
196800,3
197000,1
197400,3
198000,13
198400,1
198600,2
198800,3
199000,3
199200,3
199400,1
199600,1
199800,2
200,4
2000,4
20000,1
200600,1
200800,3
201400,1
201600,2
20200,3
202000,1
202200,1
202600,2
202800,3
203000,4
203400,4
203600,2
203800,1
204000,1
204200,2
205200,2
205400,2
205600,3
205800,3
20600,4
206000,3
206200,1
206400,2
206600,1
206800,2
207000,1
207200,1
207400,2
207600,3
207800,2
20800,1
208000,2
208800,2
209000,1
209600,3
209800,3
210000,1
210200,2
210800,3
211200,2
211400,2
21200,1
212400,5
212800,1
213000,2
213400,1
21400,1
214000,1
214200,1
214400,1
214600,3
214800,3
215000,1
215400,8
215600,3
216000,2
216200,6
216400,4
217000,3
217400,7
217600,1
217800,2
218400,1
219000,1
219200,2
219600,2
219800,1
22000,1
220000,4
220200,6
220400,2
220800,9
221200,3
221400,4
221600,2
22200,3
222200,1
222400,2
222600,6
222800,1
223000,3
223200,2
223800,10
224200,4
224400,1
224600,3
224800,3
225200,8
225400,1
225800,1
22600,1
226000,2
226200,1
226400,12
226800,3
227000,2
227200,18
227600,1
227800,2
228000,1
228200,2
228400,4
228600,2
229000,2
229200,1
229400,2
229600,1
229800,1
23000,2
230000,1
230200,2
230400,2
230800,1
231000,1
231400,2
231600,2
231800,12
232000,1
232200,2
233400,2
233600,2
234000,2
234200,1
234600,2
234800,3
235400,6
235600,18
235800,4
23600,1
236200,3
236400,3
236600,1
236800,1
237000,1
237200,2
237400,1
237800,3
238000,6
238800,1
239800,8
24000,1
240600,1
240800,14
242000,5
242200,39
242400,18
242600,5
242800,1
243000,5
243400,5
243600,3
243800,4
24400,5
244000,11
244200,10
244800,2
245000,3
245200,6
245400,4
245600,2
246000,1
246200,4
246400,3
246800,3
247000,8
247200,11
247400,7
247600,3
247800,3
248000,11
248200,1
248400,3
248600,6
249000,4
249600,2
25000,1
250400,1
250600,3
251400,5
251600,8
252400,1
253200,2
253400,3
253600,3
253800,5
25400,7
254000,5
254600,4
254800,8
255000,1
255200,13
255600,9
256200,2
256600,9
257000,4
257200,7
257400,12
257600,7
257800,1
25800,2
258200,11
258400,6
258600,5
259000,2
259200,5
259400,2
259800,2
2600,2
26000,2
260200,7
260400,3
260600,8
260800,4
261000,3
261200,2
261400,12
261600,4
261800,13
26200,3
262800,7
263000,3
263400,2
263600,18
263800,6
26400,2
264000,2
264400,3
264600,2
264800,3
265400,3
265600,7
265800,8
266000,1
266400,5
266600,4
266800,1
267000,6
267200,23
267400,5
267800,15
26800,1
268000,6
268400,5
268600,4
269200,4
269400,1
269600,1
269800,4
270200,3
270600,1
270800,11
271000,14
271200,11
271400,9
271600,2
271800,7
27200,1
272000,8
272600,7
272800,4
273000,4
273400,2
274200,11
274400,5
274600,6
275400,2
275600,2
275800,22
27600,3
276000,2
276800,3
277000,4
277200,10
277400,1
277800,7
27800,1
278000,4
278400,2
278600,3
279000,1
279200,1
279400,1
279600,6
279800,14
2800,1
280000,3
280200,3
280600,2
281000,5
281200,3
281600,3
28200,1
283200,7
283800,3
284000,15
284200,4
284600,8
284800,2
285000,5
285200,3
285400,3
285600,3
285800,1
286000,1
286400,9
287000,6
287200,1
287800,12
28800,1
288000,2
288200,10
288400,2
288600,10
288800,11
289000,1
289200,3
289400,2
289600,8
289800,1
290000,6
290200,1
290400,2
290600,1
290800,4
291000,2
291200,5
291400,4
291600,1
291800,3
29200,2
292000,4
292200,8
292400,6
292800,8
293000,6
293200,3
293600,2
293800,2
294200,5
294600,2
294800,3
295000,3
295600,1
295800,11
296200,2
296400,4
296600,5
296800,2
297000,2
297200,6
297600,3
298000,1
298400,3
298600,4
298800,9
299200,5
299400,2
299600,2
3000,1
300600,1
301000,13
301200,1
302000,2
302400,3
302600,4
302800,2
303000,3
303800,2
30400,2
304200,3
304400,3
304600,2
304800,3
305000,5
305200,13
305400,19
305800,4
30600,2
306400,2
306800,3
307000,1
307400,3
307800,9
308200,1
308400,4
308800,1
309000,2
309200,16
309800,7
310400,2
310600,5
310800,2
311200,1
311400,9
312000,3
312200,12
312400,12
312600,3
313000,6
313200,2
313800,6
314200,4
314400,3
315600,4
315800,9
316200,4
316400,4
31800,2
318000,6
318400,8
318600,1
318800,2
319000,2
319400,2
32000,1
320000,1
320200,3
320600,5
320800,2
321400,1
321600,2
32200,3
322000,4
322200,1
322400,1
322600,3
322800,8
323000,7
323200,2
323400,4
324200,2
324600,1
325000,3
325200,3
325400,5
325600,2
32600,1
326000,2
326800,3
327000,1
327200,3
327800,4
32800,2
328400,6
329000,3
33000,1
330000,2
330200,2
330400,1
330600,2
331600,5
331800,3
33200,2
332200,1
332800,7
333200,7
33400,1
334000,4
335000,2
335200,4
335800,5
336600,4
336800,2
337000,5
338000,1
338200,5
338400,1
338800,8
3400,1
34000,1
340000,6
340200,4
340400,1
340600,14
340800,2
341200,3
34200,4
342000,4
342800,5
343400,5
343800,2
344000,2
344800,3
345000,6
345400,3
345600,10
345800,8
346000,3
346200,8
347000,1
347200,3
347400,7
347600,1
34800,4
348000,2
348200,15
348600,4
349200,4
349600,1
349800,7
35000,2
350200,2
350600,22
351200,1
351400,8
351600,10
351800,2
35200,4
352200,11
352400,19
352800,1
353200,2
353400,3
353600,1
354000,1
355400,6
355800,1
356000,1
356200,2
357200,3
357400,13
357800,4
35800,2
358000,2
358200,10
358400,3
358800,2
359200,3
359400,6
359600,4
361000,1
361200,6
363000,12
363200,13
363400,4
363600,1
363800,6
364200,12
364400,1
365000,1
365200,5
365800,3
366200,1
366400,6
366600,3
367400,9
367600,11
367800,9
368000,5
368200,12
368400,2
368800,2
369200,19
369400,4
370200,4
370600,19
370800,13
371000,3
371800,1
37200,1
372200,3
372400,6
372600,9
372800,4
373000,11
373200,9
373600,1
373800,3
374000,5
374200,8
374400,2
374600,3
374800,5
375000,14
375600,2
376000,1
376600,2
377200,13
37800,1
378200,3
378600,1
379000,1
379200,2
379600,2
380000,2
380400,8
380600,4
380800,1
381600,2
381800,2
382200,2
383000,2
383200,1
383400,2
383600,9
384000,3
384800,4
385000,2
385200,2
385800,4
38600,4
386000,5
386200,16
386400,8
387000,2
387400,1
38800,3
388400,2
389200,1
390000,6
391000,3
391800,7
392000,3
392400,7
393200,4
394200,3
395000,3
395200,3
395600,4
395800,3
39600,2
396000,5
396600,1
396800,2
397200,9
397600,3
397800,5
398000,3
398600,4
398800,2
399000,10
399800,3
400,2
4000,1
400000,3
400200,10
400400,4
400800,5
401000,2
401400,7
401600,4
40200,3
402000,2
402200,2
402400,6
403200,7
403600,19
40400,1
404200,2
404600,24
405200,1
405600,1
405800,6
406200,2
406400,2
406600,4
406800,2
407200,4
407600,13
407800,7
408000,3
408200,2
408600,1
408800,14
409000,13
409200,5
409400,1
409600,5
409800,3
410000,4
410200,3
410800,1
411200,3
411600,10
411800,4
41200,6
412400,3
412600,4
412800,2
413200,8
413400,9
413600,2
413800,7
41400,1
414000,15
414200,1
414800,1
415400,2
415600,4
415800,1
41600,1
416000,1
416600,6
416800,2
417200,2
417400,4
417800,1
41800,2
418000,1
418200,5
418400,15
418600,5
419000,9
419200,2
419400,7
419600,8
419800,6
4200,5
420200,3
420400,29
420600,4
421000,1
421200,3
421400,1
421600,7
421800,2
422400,4
422600,3
423400,7
424000,3
424400,15
424600,5
425000,4
425800,6
426000,9
426400,1
426600,4
427200,3
427600,2
427800,1
428200,21
428800,7
429000,2
429200,20
429800,6
43000,1
430000,2
430200,1
430800,4
431200,1
431400,9
431600,1
43200,1
432000,7
432400,1
433200,6
433800,5
43400,1
434000,3
434200,1
435600,7
435800,3
43600,1
436000,2
436200,4
436600,4
437200,15
437600,4
437800,6
438000,5
438400,4
438600,4
439000,1
439200,4
439600,3
4400,1
44000,1
440000,2
440200,1
440800,1
441000,1
442000,8
442200,2
442400,3
442600,3
442800,1
443000,2
443200,2
443600,11
444000,8
444200,1
444400,7
444600,2
444800,5
445000,4
445400,2
445600,1
445800,2
44600,1
446800,3
447000,5
447600,1
448000,3
448200,10
448600,2
448800,1
449200,3
449800,7
45000,1
450000,10
450400,12
450600,2
450800,3
451000,2
451400,12
451600,7
451800,3
452400,6
452600,3
452800,4
453400,2
453600,1
45400,3
454200,12
454600,6
454800,6
455200,4
455400,2
455600,1
455800,2
45600,2
456000,3
456400,4
456600,1
456800,2
457200,3
457600,4
457800,5
458000,1
458600,3
459000,1
459400,10
459600,2
459800,9
46000,3
460200,3
460800,3
461000,1
461200,2
462000,7
462200,1
462400,1
462600,7
462800,1
463000,9
463200,5
463600,1
46400,2
464200,6
464400,3
465400,2
465600,1
466000,5
466200,1
467000,3
467600,8
467800,2
46800,1
468200,5
468400,2
468800,2
469000,3
469400,23
469600,12
470000,4
470800,4
471000,24
471400,2
47200,7
472000,1
472800,2
473000,8
473200,9
473600,9
47400,1
474000,5
474200,3
474600,3
475000,2
47600,1
476000,1
476200,2
476600,5
477800,3
478000,4
478200,1
478400,10
479200,12
4800,6
48000,4
480200,6
480600,8
481000,2
481200,3
481400,6
481600,1
481800,3
482200,11
482400,3
483000,2
483200,5
483600,1
484200,3
484400,1
484600,13
484800,1
485000,2
485400,13
486000,3
486600,8
487600,2
488400,1
488600,5
489000,2
489200,1
489600,1
489800,4
490000,2
490200,6
490400,1
490600,1
491600,2
491800,6
49200,1
492000,2
492200,1
492400,2
492600,1
492800,2
493000,4
493400,1
493800,4
494000,1
494200,1
494800,1
495000,2
495200,2
495400,2
49600,1
496400,35
496600,3
497200,1
497600,1
49800,1
498600,3
498800,1
499200,14
499600,2
50000,2
500000,19
500200,8
500400,2
501000,3
501200,4
501400,3
501800,1
502000,3
502200,3
502400,2
502600,2
502800,2
503000,3
503600,7
503800,4
50400,2
504000,20
504200,5
504400,7
504600,1
504800,1
505200,5
505400,6
505600,4
505800,12
50600,2
506000,5
506600,7
506800,3
507200,2
507600,3
507800,3
508000,1
508400,1
508600,7
508800,3
509000,4
509400,3
509600,2
509800,1
51000,1
510000,5
511600,3
512000,3
512400,4
512600,6
512800,4
513600,2
513800,5
514200,2
514400,1
515600,5
516600,3
516800,3
517000,2
517400,1
517800,1
518200,7
518600,6
519000,2
519400,5
519600,2
519800,2
5200,5
520400,9
521000,7
521200,2
521400,2
521600,10
52200,3
522000,12
522200,6
522400,1
522800,1
523000,2
523200,11
523400,9
523600,2
523800,2
52400,2
524000,6
524600,3
524800,2
525000,21
525400,5
52600,1
526000,6
526200,7
527600,12
52800,1
528400,4
528600,7
528800,1
529000,11
529200,12
529400,1
529800,2
53000,1
530000,1
530400,4
530600,3
531400,1
531600,2
53200,5
532000,14
532600,5
532800,6
53400,1
534000,17
534200,3
534800,4
535200,6
536000,3
536600,2
536800,2
537000,4
537600,1
538000,3
538800,1
539000,5
539200,2
539400,2
539600,2
5400,1
54000,6
540400,3
540600,11
540800,4
541000,1
541200,11
541400,4
541600,7
541800,6
54200,2
542200,2
542600,4
542800,3
543000,4
543200,9
543600,3
543800,2
544400,1
544600,1
545000,1
545200,19
545400,3
545600,7
54600,1
546600,1
547000,2
547200,15
547800,8
54800,3
548200,5
548400,2
548800,1
549000,4
549400,2
549600,8
549800,12
55000,1
550000,7
550200,2
550400,2
550600,8
551400,4
55200,1
552200,1
552400,10
552600,1
552800,2
553000,7
553200,1
553400,1
553600,14
553800,3
554000,2
554600,4
555000,1
555200,13
555400,11
55600,1
556000,1
556400,2
557000,1
557600,22
55800,3
558000,6
558400,5
558600,4
558800,4
559000,5
559600,6
559800,6
5600,1
560200,1
560400,17
560600,2
560800,2
561200,1
561600,18
561800,7
56200,3
562000,21
563000,7
563200,7
563600,20
56400,2
564200,11
564600,10
564800,8
565400,8
565800,8
56600,1
566400,2
567400,2
567600,7
568200,12
568400,14
568800,1
569000,6
569400,4
569800,2
570000,4
570200,10
570400,2
570800,2
571200,1
571600,4
571800,7
572000,3
572200,1
572400,4
573200,5
573400,1
573600,1
57400,1
574000,2
574200,6
574600,5
576000,1
576600,2
577000,3
577600,13
57800,2
578200,1
578400,3
579000,1
579200,3
579400,2
579800,3
5800,1
58000,3
580000,1
580200,1
580600,2
581000,9
581200,6
581800,1
58200,3
582000,2
582200,5
582400,22
582600,15
582800,2
583000,4
583200,6
583600,2
584200,1
584800,5
585400,2
58600,3
586000,2
586800,2
587200,1
588000,7
588400,4
588600,4
589000,2
589200,2
589400,2
589600,3
589800,3
59000,1
590400,2
590600,2
591000,11
591600,7
59200,1
592000,1
592200,1
592400,3
593800,2
59400,1
594000,1
594600,2
595600,2
596000,1
596200,3
596400,1
596600,1
597000,1
597600,3
59800,1
598200,1
598600,2
599200,14
599400,2
599600,2
599800,3
600,2
60000,3
600000,1
600400,2
600600,1
600800,1
601000,2
601400,6
60200,5
602000,4
602600,5
602800,1
603000,3
603200,1
60400,1
604200,5
604400,6
605200,2
605600,10
60600,1
606200,5
606400,1
606600,3
607000,3
607200,6
607400,5
608000,2
608600,20
609000,5
609800,3
61000,4
610200,7
610400,2
610600,2
611000,12
611400,1
611600,1
611800,12
61200,2
612200,20
612400,18
612600,10
612800,6
613000,21
613200,2
613600,14
613800,5
61400,1
614400,1
615000,1
615200,9
615400,2
615600,5
615800,2
61600,8
616000,4
616200,7
616600,3
616800,3
617000,2
617400,3
617600,4
617800,2
618000,1
618800,7
619000,10
619200,6
619600,3
6200,4
62000,4
620000,2
620400,2
620600,17
621000,4
621400,1
621800,6
622000,4
622200,8
623000,1
623200,4
623400,2
623600,2
623800,1
62400,1
624000,2
624200,1
624800,19
625000,2
625600,4
625800,2
626200,4
626400,4
626600,6
627200,5
627400,4
627600,26
62800,2
628000,11
628200,2
628800,2
629600,6
63000,2
630200,6
630400,8
630600,15
630800,1
631400,1
631600,12
631800,9
63200,1
632000,2
632200,1
632600,1
632800,4
633000,1
633200,5
633600,4
63400,1
634200,2
634400,2
634800,4
635000,2
635400,2
63600,2
636000,1
636200,6
636600,2
637200,4
637400,3
637600,6
637800,7
63800,3
638200,5
638600,3
639000,4
6400,1
64000,1
640000,5
640200,1
641200,2
641400,1
641600,1
641800,3
642000,1
642200,1
642600,4
643000,3
643800,1
64400,3
644000,1
644200,2
644800,1
645600,4
645800,4
64600,3
646000,6
646200,3
646400,4
646600,1
646800,6
647200,4
647400,9
647600,3
64800,1
648600,8
649000,1
649600,3
649800,2
650000,1
650200,5
650400,10
651000,1
651200,1
651400,11
651800,1
652000,8
652200,2
652400,2
652600,1
652800,1
653000,3
653200,12
654400,2
654600,2
654800,1
655200,1
655400,7
655600,1
655800,5
65600,1
656400,1
657000,1
657200,6
657400,2
657800,14
658600,3
659000,5
659200,5
659600,8
659800,4
66000,1
660000,2
660200,4
660400,3
661000,5
661200,3
661400,11
66200,2
662200,1
662400,4
663000,5
663400,1
663600,2
663800,4
66400,5
664200,5
664600,2
664800,8
665400,4
665600,1
66600,3
666000,3
666200,3
666600,7
667200,4
667800,2
66800,1
668400,1
668800,18
669600,2
670000,4
670200,1
670400,1
670600,1
671200,4
671600,1
671800,14
67200,1
672000,2
672400,10
672600,1
672800,2
673200,2
673400,3
673600,5
673800,6
674200,7
674400,1
674600,1
675000,10
675200,3
675600,2
67600,1
676200,1
676400,3
676600,9
676800,1
677000,2
677200,6
677400,7
677800,1
678200,4
678800,4
679000,6
679200,3
679600,11
679800,6
680000,2
680200,7
680400,3
680600,2
681200,14
681800,3
68200,1
682000,1
682200,6
682400,1
682800,9
683200,1
683400,14
683600,5
683800,2
68400,1
684000,3
684200,1
684400,10
684600,1
684800,3
685200,2
685800,1
68600,2
686000,3
686200,1
686600,4
687200,1
687600,2
687800,3
68800,3
688200,2
688600,2
688800,4
689800,2
69000,2
690000,7
690200,3
690400,2
690800,4
691000,9
691600,1
691800,2
69200,3
692000,2
692400,9
692800,10
693000,18
693200,8
693400,11
69400,1
694000,1
694200,5
694400,1
694600,1
695000,8
695200,2
695800,10
696000,4
696200,8
696600,1
696800,10
697000,3
697400,1
69800,1
698200,2
698400,1
699000,7
699600,1
699800,4
700000,2
700200,3
700400,2
700800,11
701000,2
701200,1
701400,5
70200,4
702000,18
702600,3
702800,10
703000,1
703200,1
703400,12
703600,1
70400,6
704000,20
704400,5
704600,6
705200,1
705400,2
70600,1
706000,4
706600,4
707000,2
707600,2
707800,8
70800,3
708200,2
708600,8
709200,2
709400,2
710000,2
710400,2
710600,2
711000,2
711600,1
711800,3
71200,4
712000,3
712800,1
713000,2
713200,1
714000,5
714200,2
714400,4
715200,8
715400,11
715600,9
715800,1
716000,7
716200,1
716600,1
716800,1
717600,1
717800,4
71800,1
718200,1
718800,5
719000,7
719400,1
719800,2
7200,2
720200,1
720600,7
721200,16
721800,3
722400,8
722800,3
723800,1
72400,1
724000,2
724400,9
724600,5
725000,1
725400,6
725600,9
725800,1
72600,4
726000,3
726200,6
726400,1
727000,4
727200,9
727400,2
72800,8
728000,5
728600,1
728800,3
729000,9
729800,1
73000,2
730000,1
730200,1
730600,2
731000,4
73200,1
732000,1
732200,3
732800,6
733000,1
73400,1
734000,3
734400,9
734800,11
735000,2
735400,8
735600,4
735800,7
736200,4
736400,2
736600,2
736800,2
737600,1
737800,3
73800,3
738000,2
738800,2
739200,17
7400,3
740000,1
740200,2
740600,2
741000,1
741200,3
741400,2
74200,2
742000,5
742200,5
742400,1
742800,5
74400,5
744200,8
744400,3
744600,3
745000,1
745400,1
746000,5
747600,9
747800,3
74800,2
748000,11
748600,3
749000,1
749200,2
75000,2
750600,5
750800,5
751800,26
752200,16
752400,7
752600,6
753000,7
753200,1
753400,2
753600,4
753800,5
75400,1
754200,2
755000,3
755400,2
75600,1
756000,1
756400,16
756800,2
757000,2
757200,1
757400,9
757800,4
75800,2
758000,1
758400,3
758800,1
759400,23
759800,17
7600,1
760600,4
760800,8
761200,2
761400,15
761800,5
76200,2
762400,2
762600,1
762800,7
763000,3
763400,2
76400,4
764200,2
764400,4
765000,1
765400,1
765600,7
76600,1
766000,1
766200,1
766400,10
766600,7
766800,4
767000,2
767200,4
768200,1
768400,2
768800,2
769000,4
769400,6
769800,7
770000,1
770200,14
770600,6
771000,4
771200,1
771400,10
77200,1
772000,16
772600,6
772800,3
773000,1
773400,2
773600,4
773800,2
77400,4
774000,7
774400,6
774600,3
774800,9
77600,1
776000,9
776200,2
776800,14
777200,1
777800,11
77800,3
778000,1
778400,3
779000,3
779200,6
7800,5
78000,3
780000,1
780200,1
781000,5
781200,12
781800,5
78200,2
782000,18
782600,5
783200,5
783600,2
783800,3
78400,2
784400,11
784600,3
784800,3
785000,10
785400,5
785600,4
785800,4
78600,2
786200,3
786800,7
787000,7
787600,3
787800,7
788000,5
788400,2
788600,7
788800,8
789000,7
789200,4
789800,1
790000,7
790400,2
790800,3
791000,1
791600,2
792000,1
792400,2
792800,13
793000,4
793800,5
794400,1
794600,10
794800,1
795400,10
795600,14
795800,8
79600,2
796200,3
796800,2
797000,1
797400,6
797600,1
797800,2
79800,4
798000,1
798200,5
798600,3
798800,2
8000,1
80000,1
800000,4
800200,25
800400,2
800600,15
801000,3
801400,1
801600,1
801800,14
80200,2
802000,8
802800,2
803000,4
803200,2
803400,11
803600,4
803800,2
80400,1
804000,9
804600,2
804800,6
805200,3
805600,1
80600,1
806000,6
806400,6
806600,6
807000,2
807400,2
807600,2
808400,12
809200,2
809400,1
809800,17
810200,3
810800,16
811000,2
811600,9
811800,6
81200,2
812200,2
812400,4
812600,3
813200,1
813400,2
813800,8
814200,1
814400,2
815000,4
815200,7
815400,7
815800,6
81600,3
816000,10
816600,3
816800,2
817400,2
817600,2
817800,1
81800,1
818400,4
818600,3
819000,1
819800,1
82000,3
820200,3
820600,13
820800,1
821000,13
821200,4
82200,2
822200,3
822600,2
822800,2
823000,1
823200,1
823400,2
823600,7
824200,3
824600,11
824800,2
825400,2
82600,1
826200,2
826600,9
826800,2
827000,4
827200,2
827800,4
82800,3
828200,4
828400,5
828600,5
829000,2
829200,7
829600,3
83000,3
830000,1
830200,1
830400,11
830600,17
830800,4
831200,5
831800,9
832400,2
833000,3
833600,9
833800,1
83400,1
834000,5
834400,5
834600,1
835200,4
83600,6
836000,8
836200,5
836600,12
836800,2
837000,3
837200,6
837400,2
837600,1
838000,9
838400,1
838800,3
839000,8
839600,2
839800,5
84000,2
840200,1
840400,10
841000,2
841200,2
841400,5
841800,12
842000,2
842200,1
842400,1
842600,1
842800,7
843200,2
843400,6
84400,1
844000,6
844200,11
844400,1
845000,1
845200,2
845400,1
84600,1
846000,4
846800,3
847600,1
847800,8
84800,1
848400,4
849000,2
849200,2
849600,16
850000,5
850400,11
850600,5
850800,2
851600,3
851800,1
85200,2
852200,4
852600,3
852800,3
853000,4
853400,3
85400,1
854000,4
854400,2
854800,18
855000,2
855400,2
855600,13
855800,1
85600,1
856600,4
856800,3
857200,4
857600,3
857800,2
85800,2
858000,2
858200,2
858800,6
859000,4
859200,1
859400,5
859600,1
859800,3
86000,3
860400,3
860600,3
860800,16
861000,4
861400,1
861600,5
86200,1
862000,1
862200,6
862400,5
862600,6
863000,3
863800,2
864000,1
864600,19
865000,3
865800,1
86600,3
866200,1
866400,5
866600,9
866800,1
867200,2
867600,1
867800,6
868000,4
868400,5
868800,4
869000,18
869200,7
869600,3
87000,3
870000,6
870800,3
871000,6
871400,2
871600,1
871800,8
87200,4
872000,24
872400,1
872800,4
873000,2
873400,15
873600,1
87400,3
874000,1
874400,1
874600,1
874800,3
875000,2
875200,5
875400,7
875600,1
875800,2
876000,7
876200,3
877000,4
877400,2
878200,3
878800,7
879000,2
879200,3
879600,5
879800,1
8800,3
880000,1
880200,2
880800,3
881000,1
881400,4
881600,1
881800,20
88200,8
882200,4
882800,3
883000,4
883400,10
883600,1
883800,3
884000,4
884400,8
884600,2
884800,1
885000,2
885200,14
885400,3
885600,2
88600,1
886200,4
886400,4
887000,5
887800,16
88800,1
888200,1
888400,3
888600,1
889000,1
889600,4
889800,4
89000,1
890000,2
890600,1
891000,4
891200,4
891400,8
891600,2
891800,4
89200,1
892000,10
892200,3
892400,3
892600,18
893000,4
893200,5
893400,3
893800,6
89400,4
894000,11
894200,8
894400,5
894800,8
895200,1
895400,9
895600,13
895800,1
896000,2
896200,4
896600,3
897000,6
89800,1
898000,6
898400,1
898600,2
898800,3
899000,4
899200,4
899600,4
899800,11
900000,2
900400,10
900800,8
901000,13
901200,2
901400,1
901600,6
90200,2
902000,2
902200,3
902400,3
902600,1
903400,4
903600,10
903800,7
90400,1
904000,2
905000,8
905600,3
90600,2
906000,2
906200,2
906400,1
906600,6
907400,1
907800,2
908200,6
908400,3
908600,4
909000,5
909400,1
909600,2
909800,10
910800,4
911000,6
911200,21
911400,2
911600,2
911800,4
912200,1
912400,1
912600,16
912800,16
913400,1
913600,6
913800,2
91400,1
914000,10
914200,2
914600,5
914800,4
915000,10
915600,4
915800,1
91600,3
916000,4
916400,7
916800,1
917600,1
91800,2
918400,4
918600,2
919000,4
919400,6
919600,3
9200,1
92000,2
920000,12
920200,5
920400,1
921000,7
921400,1
921600,1
921800,1
922400,1
922600,1
923000,6
923200,2
923400,15
92400,1
924000,3
924200,4
924400,2
924600,8
925000,9
925200,3
925400,2
926000,8
926200,4
926400,3
926600,2
927000,6
927200,6
927400,5
927600,8
927800,1
92800,1
928200,6
928400,5
928600,2
928800,2
929000,4
929600,3
929800,1
93000,1
930000,2
930400,2
930600,2
930800,2
931800,7
93200,2
932400,2
933800,12
93400,1
934000,11
934200,4
934400,2
935000,2
935200,7
935400,4
935600,4
935800,8
93600,2
936000,7
936200,12
936800,5
937000,2
937200,2
937400,16
937800,3
93800,4
938400,3
938600,1
938800,13
939000,5
939400,7
9400,2
94000,2
940000,2
940400,3
940600,4
940800,3
941000,3
941200,5
941400,6
941600,4
941800,3
942000,4
942200,9
942400,3
942600,2
942800,4
943200,13
943400,4
943600,7
943800,2
94400,1
944000,5
944200,2
944400,3
944800,5
945000,6
945200,10
945800,5
946000,1
946400,1
94800,3
948000,2
948200,2
948400,5
948600,2
948800,5
949000,3
949200,3
949400,1
949600,4
949800,4
95000,1
950000,18
950400,2
950600,3
951200,7
951600,2
951800,4
952200,2
952400,4
952600,3
952800,4
953200,1
953400,1
953600,5
95400,3
954200,3
955400,3
955600,2
95600,4
956200,3
956400,2
956600,2
956800,2
958400,3
958600,2
958800,8
959000,1
959200,9
959400,2
959600,6
9600,2
96000,3
960000,1
960400,3
960600,5
960800,3
961000,11
961400,5
961600,1
961800,4
962000,4
962200,2
962400,3
962600,6
963600,11
96400,5
964200,3
964400,3
964800,7
965200,12
965400,6
965800,28
96600,2
966200,4
966400,2
967200,2
967400,2
967600,13
967800,1
968000,10
968200,1
968400,1
968600,13
968800,3
969000,13
969400,4
969600,1
969800,12
97000,1
970000,13
970200,13
970600,10
971000,3
971200,1
971400,2
971600,13
971800,14
97200,3
972000,5
972800,8
973000,1
973200,7
973800,4
974000,7
974200,7
974400,7
974600,3
974800,31
975000,7
975600,3
976200,1
976400,10
977200,2
977600,2
977800,2
978000,2
978200,5
978400,4
978600,1
978800,8
979000,17
979400,2
980000,3
980400,9
981000,4
981200,16
981400,16
981600,4
981800,9
98200,2
982000,4
982200,1
982400,8
982800,4
983000,2
983200,9
983400,5
983600,3
983800,8
98400,1
984200,6
984600,7
985200,5
985600,3
985800,10
98600,3
986400,2
986800,3
987000,8
987200,6
987400,1
987600,2
98800,2
988000,2
988600,1
988800,2
989400,6
989600,3
989800,12
99000,1
990400,6
990600,4
991000,2
991600,1
99200,3
992000,4
992200,5
993000,6
993200,7
99400,1
994000,8
994200,3
994400,4
994600,1
994800,1
995600,2
99600,2
996200,4
996400,1
996600,3
996800,15
997800,7
99800,3
998200,2
998400,7
998600,2
999000,3
999600,2
