,f_name,k,inds,frame_number
0,pairwise distance to 4 points,1,[2369],[473600]
1,pairwise distance to 4 points,2,[2369  785],"[473600, 156800]"
2,pairwise distance to 4 points,3,[2382  489   67],"[476200, 97600, 13200]"
3,pairwise distance to 4 points,4,[ 946  485 2129 2823],"[189000, 96800, 425600, 564400]"
4,pairwise distance to 4 points,5,[ 598 2369  335  946   67],"[119400, 473600, 66800, 189000, 13200]"
5,pairwise distance to 4 points,6,[ 135  598  946 2129  358 2823],"[26800, 119400, 189000, 425600, 71400, 564400]"
6,pairwise distance to 4 points,7,[ 598 2363   67  946 1364 2823  335],"[119400, 472400, 13200, 189000, 272600, 564400, 66800]"
7,pairwise distance to 4 points,8,[1369 1615   67  598  946  335 2431 2823],"[273600, 322800, 13200, 119400, 189000, 66800, 486000, 564400]"
8,pairwise distance to 4 points,9,[1615   67  358 2431  179 1116 1369 2823  598],"[322800, 13200, 71400, 486000, 35600, 223000, 273600, 564400, 119400]"
9,pairwise distance to 4 points,10,[ 256 2431  943  598 1265 2823  358 1939   67 1615],"[51000, 486000, 188400, 119400, 252800, 564400, 71400, 387600, 13200, 322800]"
10,pairwise distance to 4 points,11,[ 933 1615 2823 ... 1275 1116  256],"[186400, 322800, 564400, 119400, 387600, 13200, 486000, 71400, 254800, 223000, 51000]"
11,pairwise distance to 4 points,12,[ 256 2566 1615 ... 2823 1939 2677],"[51000, 513000, 322800, 119400, 13200, 223000, 186400, 71400, 254800, 564400, 387600, 535200]"
12,pairwise distance to 4 points,13,[1016  598 1939 ... 2823 1275 1123],"[203000, 119400, 387600, 513000, 322800, 535200, 51000, 71400, 172800, 13200, 564400, 254800, 224400]"
13,pairwise distance to 4 points,14,[ 657 2677 1939 ...  514 1016 1275],"[131200, 535200, 387600, 172800, 322800, 13200, 564400, 51000, 71400, 230200, 513000, 102600, 203000, 254800]"
14,pairwise distance to 4 points,15,[ 514 1939 1676 ... 2677 1016 1469],"[102600, 387600, 335000, 224400, 513000, 71400, 13200, 172800, 51000, 254800, 564400, 131200, 535200, 203000, 293600]"
15,pairwise distance to 4 points,16,[1469 1275 2566 ...  657  107 1676],"[293600, 254800, 513000, 102600, 564400, 51000, 5800, 172800, 387600, 71400, 230200, 535200, 203000, 131200, 21200, 335000]"
16,pairwise distance to 4 points,17,[1469 2798  657 ... 1275  125 2677],"[293600, 559400, 131200, 172800, 51000, 71400, 5800, 574400, 387600, 203000, 513000, 335000, 230200, 102600, 254800, 24800, 535200]"
17,pairwise distance to 4 points,18,[1275 1697  657 ...  426  256 2798],"[254800, 339200, 131200, 64400, 172800, 13200, 447800, 387600, 574400, 513000, 429600, 535200, 224400, 203000, 102600, 85000, 51000, 559400]"
18,pairwise distance to 4 points,19,[ 462 1697 1939 ...  657  974 2677],"[92200, 339200, 387600, 513400, 51000, 5800, 564400, 114200, 232800, 172800, 214600, 254800, 447800, 75000, 24800, 429600, 131200, 194600, 535200]"
19,pairwise distance to 4 points,20,[ 974  865 2566 ... 1697  514 1074],"[194600, 172800, 513000, 429600, 564400, 64400, 131200, 232800, 50800, 387600, 21200, 254800, 526800, 548800, 447800, 85000, 5800, 339200, 102600, 214600]"
20,pairwise distance to 4 points,21,[2149  865 2240 ... 2798  323 1175],"[429600, 172800, 447800, 592000, 131200, 21200, 214600, 535200, 85000, 387600, 50800, 339200, 102600, 254800, 5800, 194600, 574400, 513000, 559400, 64400, 234800]"
21,pairwise distance to 4 points,22,[2240 1697 2566 ... 2635 2149   30],"[447800, 339200, 513000, 131200, 387600, 214600, 21200, 85000, 559400, 172800, 254800, 50800, 248600, 102600, 574400, 543600, 231600, 194600, 64400, 526800, 429600, 5800]"
22,pairwise distance to 4 points,23,[2873 1620  865 ...  757 2677 2149],"[574400, 323800, 172800, 387600, 559400, 5800, 145800, 254800, 50800, 463800, 94600, 214600, 453000, 89000, 194600, 232800, 64400, 513400, 21200, 114200, 151200, 535200, 429600]"
23,pairwise distance to 4 points,24,[2568 1620  474 ... 2055  730  446],"[513400, 323800, 94600, 172800, 254800, 114200, 574400, 559400, 21200, 194600, 402200, 151200, 471600, 420800, 535200, 214600, 64400, 5800, 50800, 300400, 232800, 410800, 145800, 89000]"
24,pairwise distance to 4 points,25,[  30 2568  865 ...  474  323 1175],"[5800, 513400, 172800, 387600, 114200, 453000, 89000, 214600, 587000, 252800, 50800, 137600, 535200, 463800, 254800, 555000, 21200, 568800, 194600, 429600, 339200, 156200, 94600, 64400, 234800]"
25,pairwise distance to 4 points,26,[2873 1175  657 ... 2095 1857 2798],"[574400, 234800, 131200, 513400, 323800, 5800, 64400, 194600, 410800, 172800, 89000, 21200, 535200, 402200, 50800, 114200, 214600, 94600, 467800, 254800, 252800, 310200, 592000, 418800, 371200, 559400]"
26,pairwise distance to 4 points,27,[2266 2568  730 ... 2719 1265 2373],"[453000, 513400, 145800, 574400, 90800, 172800, 387600, 5800, 214600, 50800, 254800, 323800, 520000, 80400, 429600, 234800, 98200, 151200, 463800, 559400, 194600, 21200, 114200, 64400, 543600, 252800, 474400]"
27,pairwise distance to 4 points,28,[ 781 2373 1674 ...   30 1275  474],"[156000, 474400, 334600, 21200, 252800, 137600, 574400, 214600, 64400, 402200, 50800, 234800, 559400, 543600, 114200, 89000, 463800, 410800, 453000, 194600, 172800, 520000, 513400, 443200, 418800, 5800, 254800, 94600]"
28,pairwise distance to 4 points,29,[ 474 2373 2320 ... 2936  730 2105],"[94600, 474400, 463800, 37000, 172800, 572200, 254800, 5800, 151200, 194600, 234800, 453000, 410800, 557400, 535200, 52800, 323800, 513400, 214600, 252800, 402200, 114200, 89000, 64400, 21200, 162000, 587000, 145800, 420800]"
29,pairwise distance to 4 points,30,[ 474 1855  186 ...  255  323 2320],"[94600, 370800, 37000, 559400, 194600, 5800, 137600, 513400, 410800, 474400, 252800, 323800, 172800, 214600, 89000, 543600, 114200, 21200, 234800, 574400, 418800, 254800, 156000, 526800, 592000, 310200, 402200, 50800, 64400, 463800]"
30,pairwise distance to 4 points,31,[ 474 2303  943 ... 2601 1383 1857],"[94600, 460400, 188400, 64400, 574400, 2200, 513400, 266200, 410800, 474400, 145800, 231600, 151200, 323800, 162000, 89000, 420800, 23600, 200600, 559400, 543600, 402200, 50800, 214600, 172800, 114200, 248600, 13200, 520000, 276400, 371200]"
31,pairwise distance to 4 points,32,[ 265 2320  865 ...  474 1552 2373],"[52800, 463800, 172800, 89000, 254800, 151200, 2200, 574400, 418800, 214600, 526800, 234800, 371200, 410800, 402200, 13200, 334600, 145800, 114200, 23600, 194600, 35200, 543600, 592000, 349000, 513400, 559400, 252800, 64400, 94600, 310200, 474400]"
32,pairwise distance to 4 points,33,[2635 1620  757 ... 2873  811 2776],"[526800, 323800, 151200, 13200, 513400, 474400, 89000, 254800, 172800, 231600, 592000, 64400, 402200, 114200, 449200, 191200, 200600, 145800, 543600, 309400, 561000, 248600, 418800, 23600, 94600, 371200, 50800, 410800, 214600, 2200, 574400, 162000, 555000]"
33,pairwise distance to 4 points,34,[ 865  757 2601 ...  947 1383  119],"[172800, 151200, 520000, 441000, 248600, 2200, 592000, 64400, 223000, 50800, 402200, 94600, 13200, 266200, 557400, 297600, 574400, 422400, 114200, 513400, 145800, 194600, 231600, 373000, 474400, 543600, 162000, 323800, 463800, 89000, 208400, 189200, 276400, 23600]"
34,pairwise distance to 4 points,35,[ 747 1265 2320 ...  834 2806  605],"[149200, 252800, 463800, 513400, 200600, 2200, 592000, 64400, 89000, 254800, 334600, 162000, 114200, 402200, 543600, 214600, 23600, 474400, 555000, 234800, 50800, 189200, 145800, 410800, 526800, 13200, 370800, 297600, 574400, 418800, 443200, 94600, 166600, 561000, 120800]"
35,pairwise distance to 4 points,36,[2412 1620  119 ...  255 2635  572],"[482200, 323800, 23600, 137600, 266200, 191200, 64400, 98200, 574400, 80400, 231600, 370800, 2200, 543600, 308200, 172800, 248600, 561000, 418800, 402200, 214600, 554000, 592000, 471600, 276400, 513400, 202000, 13200, 463800, 156000, 398200, 90800, 410800, 50800, 526800, 114200]"
36,pairwise distance to 4 points,37,[ 572 2320 2635 ... 2719  535 1332],"[114200, 463800, 526800, 37000, 211200, 410800, 574400, 89000, 6200, 161200, 276400, 474400, 145800, 234800, 297600, 513400, 252800, 50800, 64400, 402200, 418800, 94600, 172800, 373000, 323800, 13200, 554000, 151200, 561000, 592000, 194600, 441000, 23600, 222400, 543600, 106800, 266200]"
37,pairwise distance to 4 points,38,[2320  265 2565 ... 2601 1126 1489],"[463800, 52800, 512800, 2200, 155800, 211200, 89000, 592000, 266200, 189200, 370800, 114200, 353800, 418800, 568800, 234800, 64400, 555000, 13200, 402200, 200600, 137600, 543600, 410800, 248600, 23600, 35200, 276400, 94600, 503800, 584200, 172800, 448800, 338200, 474400, 520000, 225000, 297600]"
38,pairwise distance to 4 points,39,[2373 1620 1332 ... 1113 1435 1955],"[474400, 323800, 266200, 185000, 151200, 23600, 406800, 89000, 543600, 557400, 234800, 52800, 6200, 211200, 574400, 114200, 520000, 252800, 503800, 420800, 463800, 512800, 64400, 349000, 166600, 370800, 592000, 367600, 145800, 156000, 310200, 194600, 94600, 35200, 414200, 13200, 222400, 286800, 390800]"
39,center of mass,1,[2411],[482000]
40,center of mass,2,[1679 2422],"[335600, 484200]"
41,center of mass,3,[2419 1679  607],"[483600, 335600, 121200]"
42,center of mass,4,[ 154  775 1679 2057],"[30600, 154800, 335600, 411200]"
43,center of mass,5,[ 509 2411 1460  154 1007],"[101600, 482000, 291800, 30600, 201200]"
44,center of mass,6,[ 509 1679 1372 2601  154 1007],"[101600, 335600, 274200, 520000, 30600, 201200]"
45,center of mass,7,[2636 1679 1350 2879  154  509 1007],"[527000, 335600, 269800, 575600, 30600, 101600, 201200]"
46,center of mass,8,[1679 1350 1007  632 2636  303   69 2879],"[335600, 269800, 201200, 126200, 527000, 60400, 13600, 575600]"
47,center of mass,9,[2636 1679 1209  632  303  985 1966   69 2879],"[527000, 335600, 241600, 126200, 60400, 196800, 393000, 13600, 575600]"
48,center of mass,10,[2636  303  891 1759 2899  632 1449 1101   69 1966],"[527000, 60400, 178000, 351600, 579600, 126200, 289600, 220000, 13600, 393000]"
49,center of mass,11,[1416  632 1679 ... 1966 2879  429],"[283000, 126200, 335600, 56800, 178000, 527000, 220400, 13600, 393000, 575600, 85600]"
50,center of mass,12,[ 429 1416 1759 ...  285 1603  891],"[85600, 283000, 351600, 393000, 13600, 126200, 220400, 579600, 527000, 56800, 320400, 178000]"
51,center of mass,13,[1416 2147  632 ...  891  285 1759],"[283000, 429200, 126200, 13600, 85600, 320400, 527000, 220400, 579600, 393200, 178000, 56800, 351600]"
52,center of mass,14,[1966 2277 2636 ... 2147 1815  285],"[393000, 455200, 527000, 85600, 320400, 178000, 126200, 283000, 13600, 579600, 220000, 429200, 362800, 56800]"
53,center of mass,15,[ 685 1815 1416 ...  285 1603 2277],"[136800, 362800, 283000, 73800, 178000, 13600, 579600, 527000, 393000, 220000, 429200, 113600, 56800, 320400, 455200]"
54,center of mass,16,[2747 1603  569 ... 2563  370 1966],"[549200, 320400, 113600, 13600, 429200, 583000, 220400, 283000, 178000, 455200, 136800, 56800, 362800, 512400, 73800, 393000]"
55,center of mass,17,[1815  685 2747 ...  891  569 1603],"[362800, 136800, 549200, 27800, 220000, 283000, 455200, 73800, 583000, 512400, 429200, 393000, 56800, 8200, 178000, 113600, 320400]"
56,center of mass,18,[2147  285  891 ... 1041  685  108],"[429200, 56800, 178000, 362800, 73800, 556000, 113600, 233000, 283000, 5400, 455200, 320400, 511800, 583000, 393000, 208000, 136800, 21400]"
57,center of mass,19,[ 108 2277 1041 ...  370 2931 1166],"[21400, 455200, 208000, 429200, 283000, 56800, 568800, 136800, 512400, 393000, 113600, 178000, 362800, 5400, 320400, 549600, 73800, 586000, 233000]"
58,center of mass,20,[1966 1603 2147 ... 1166  100  948],"[393000, 320400, 429200, 163800, 60000, 512400, 583000, 213200, 113600, 283000, 136800, 362800, 36600, 455200, 85600, 549200, 7600, 233000, 19800, 189400]"
59,center of mass,21,[ 569 2563 1815 ...   39  735 2749],"[113600, 512400, 362800, 60000, 178000, 283000, 393000, 568800, 455200, 19800, 233000, 124600, 320400, 429200, 85600, 36600, 589200, 208000, 7600, 146800, 549600]"
60,center of mass,22,[1966 1603 2277 ...  100 2685 1155],"[393000, 320400, 455200, 113600, 277000, 208000, 7600, 60000, 512400, 558000, 136800, 178000, 574400, 85600, 36600, 362800, 429200, 589200, 244800, 19800, 536800, 230800]"
61,center of mass,23,[1067 2799 1654 ... 1535 2685 2350],"[213200, 559600, 330600, 62200, 283000, 113600, 27800, 425600, 163800, 583000, 512400, 136800, 393000, 8200, 362800, 444000, 36600, 85600, 233000, 189400, 306800, 536800, 469800]"
62,center of mass,24,[1416 1654 2354 ... 2791  140  429],"[283000, 330600, 470600, 113600, 178000, 36600, 8200, 393000, 589200, 512400, 62200, 208000, 429200, 362800, 124600, 306800, 536800, 574400, 451400, 233000, 146800, 558000, 27800, 85600]"
63,center of mass,25,[1535 2563 1927 ... 2685 1709 2350],"[306800, 512400, 385200, 36600, 189400, 136800, 583000, 85600, 447800, 19800, 283000, 368600, 233000, 429200, 213200, 7600, 113600, 559600, 163800, 60000, 330600, 405600, 536800, 341600, 469800]"
64,center of mass,26,[ 820 1709  569 ... 1844   96 2217],"[163800, 341600, 113600, 559600, 244800, 36600, 393000, 7600, 213200, 583000, 330600, 536800, 85600, 425600, 469800, 136800, 230800, 306800, 28800, 189400, 277000, 67600, 512400, 368600, 19000, 443200]"
65,center of mass,27,[ 685 1166 2685 ... 1709 2947   98],"[136800, 233000, 536800, 368600, 163800, 31600, 574400, 213200, 451400, 113600, 405600, 7600, 62200, 330600, 385200, 470600, 85600, 512400, 36600, 306800, 558000, 429200, 189400, 283000, 341600, 589200, 19400]"
66,center of mass,28,[2947  303 2147 ...  624  474 1386],"[589200, 60400, 429200, 320400, 189400, 536800, 146800, 244800, 5400, 36600, 398800, 340200, 512400, 113600, 230800, 73800, 163800, 368600, 21400, 451400, 385200, 470600, 213200, 574400, 559600, 124600, 94600, 277000]"
67,center of mass,29,[ 100 1603 2563 ... 2221 1844 2947],"[19800, 320400, 512400, 244800, 405600, 80400, 163800, 469800, 574400, 146800, 36600, 525400, 429200, 213200, 340200, 113600, 385200, 277000, 230800, 5400, 60000, 536800, 189400, 124600, 559000, 92800, 444000, 368600, 589200]"
68,center of mass,30,[ 820 1654  312 ... 1225  159 1535],"[163800, 330600, 62200, 536800, 136800, 341600, 405600, 589200, 213200, 7600, 111600, 277000, 36600, 525400, 19400, 429200, 230800, 385200, 512400, 470600, 94600, 73800, 368600, 558000, 574400, 189400, 451400, 244800, 31600, 306800]"
69,center of mass,31,[ 569 1844 2381 ... 1318  735 2873],"[113600, 368600, 476000, 21400, 242400, 589200, 163800, 393000, 536800, 5400, 211400, 124600, 94600, 304600, 284800, 425600, 36600, 341600, 73800, 60400, 455200, 189400, 330800, 230800, 512400, 317000, 443200, 558000, 263400, 146800, 574400]"
70,center of mass,32,[1416 2563 2258 ...  624 2129 1927],"[283000, 512400, 451400, 19000, 589200, 152600, 189400, 94600, 405600, 36600, 341600, 213200, 73800, 306800, 7600, 525400, 470600, 558000, 233000, 28800, 113600, 143800, 62200, 439800, 175000, 574400, 330600, 368600, 536800, 124600, 425600, 385200]"
71,center of mass,33,[2799 1386 2277 ... 2217  159 1439],"[559600, 277000, 455200, 62200, 175000, 19400, 124600, 574400, 213200, 405600, 536800, 330600, 425600, 230800, 92800, 341600, 36600, 7600, 143800, 368600, 512400, 589200, 244800, 80400, 385200, 156600, 189400, 113600, 476000, 306800, 443200, 31600, 287600]"
72,center of mass,34,[ 370 2029 2381 ... 1524   39 2685],"[73800, 405600, 476000, 189400, 146800, 28800, 317000, 341600, 589200, 241600, 36600, 525400, 277000, 113600, 208000, 19000, 385200, 425600, 163800, 330800, 222400, 512400, 62200, 455200, 559000, 368600, 94600, 443200, 574400, 124600, 233400, 304600, 7600, 536800]"
73,center of mass,35,[1654 2563  624 ...  312 1225 1969],"[330600, 512400, 124600, 189400, 425600, 113600, 589200, 13600, 80400, 230800, 277000, 341600, 36600, 536800, 382200, 213200, 175000, 558000, 451400, 574400, 24800, 470600, 306800, 143800, 92800, 31600, 368600, 439800, 525400, 2400, 156600, 405600, 62200, 244800, 393600]"
74,center of mass,36,[2628 1586  145 ... 1213 1524 2873],"[525400, 317000, 28800, 163800, 146800, 230800, 277000, 92800, 589200, 330800, 385200, 7600, 425600, 80400, 113600, 19000, 189400, 372000, 211400, 536800, 512400, 254600, 36600, 362800, 354200, 558000, 461800, 124600, 445000, 476000, 62200, 398800, 438000, 242400, 304600, 574400]"
75,center of mass,37,[2628 1535  403 ...  159  876 1995],"[525400, 306800, 80400, 216200, 14000, 143800, 385200, 589200, 277000, 189400, 36600, 341600, 113600, 429200, 512400, 455200, 232800, 154400, 24800, 476000, 92800, 330600, 558000, 536800, 414000, 157800, 368600, 3400, 574400, 124600, 244800, 62200, 201800, 444000, 31600, 175000, 398800]"
76,center of mass,38,[1225 2354  145 ...  876 1709 1586],"[244800, 470600, 28800, 124600, 189400, 385200, 325200, 589200, 536800, 362800, 425600, 92800, 213200, 7600, 143800, 36600, 287600, 497000, 156600, 230800, 113600, 62200, 574400, 398800, 451400, 19000, 73800, 522800, 304600, 439800, 486000, 277000, 559000, 372000, 336600, 175000, 341600, 317000]"
77,center of mass,39,[ 184 2791 2129 ... 1224 2258 1815],"[36600, 558000, 425600, 317000, 157200, 525400, 208000, 73800, 14000, 339800, 277000, 589200, 385200, 94600, 124600, 175000, 143800, 372000, 236000, 113600, 62200, 439800, 31600, 189400, 536800, 470600, 512400, 304600, 574400, 3400, 224600, 330800, 399000, 24800, 411600, 287600, 244600, 451400, 362800]"
78,C-alpha,1,[2003],[400400]
79,C-alpha,2,[2003  637],"[400400, 127200]"
80,C-alpha,3,[ 989 2003  175],"[197600, 400400, 34800]"
81,C-alpha,4,[2040  788  175 1666],"[407800, 157400, 34800, 333000]"
82,C-alpha,5,[ 144 1460 2409  543  988],"[28600, 291800, 481600, 108400, 197400]"
83,C-alpha,6,[ 988 2040 1666  625  305   42],"[197400, 407800, 333000, 124800, 60800, 8200]"
84,C-alpha,7,[ 625 2817   42 1749 1419  988  305],"[124800, 563200, 8200, 349600, 283600, 197400, 60800]"
85,C-alpha,8,[1761 1419 2627  988  625   42  305 2885],"[352000, 283600, 525200, 197400, 124800, 8200, 60800, 576800]"
86,C-alpha,9,[2063 1419  988 2817  625   27  179 1733  376],"[412400, 283600, 197400, 563200, 124800, 5200, 35600, 346400, 75000]"
87,C-alpha,10,[ 988 2111 1419 2885  625  179 1769   27  376 2597],"[197400, 422000, 283600, 576800, 124800, 35600, 353600, 5200, 75000, 519200]"
88,C-alpha,11,[2885 2111  625 ...   27  876  179],"[576800, 422000, 124800, 519200, 353600, 75000, 221800, 283600, 5200, 175000, 35600]"
89,C-alpha,12,[1525 2089  876 ...  376 1383 2885],"[304800, 417600, 175000, 5200, 35600, 342200, 219200, 124800, 519200, 75000, 276400, 576800]"
90,C-alpha,13,[1383 2889  876 ...  179 2273 1525],"[276400, 577600, 175000, 412400, 124800, 75000, 519200, 221800, 342200, 5200, 35600, 454400, 304800]"
91,C-alpha,14,[1110 2063  625 ... 1774 2273  266],"[221800, 412400, 124800, 577600, 75000, 304800, 5200, 519200, 175000, 22000, 276400, 354600, 454400, 53000]"
92,C-alpha,15,[2597 1525 1097 ... 2889  355  249],"[519200, 304800, 219200, 102200, 22000, 412400, 137200, 5200, 342200, 175000, 276400, 454400, 577600, 70800, 49600]"
93,C-alpha,16,[ 512 1383 2597 ... 1525  303  876],"[102200, 276400, 519200, 354600, 219200, 42200, 454400, 577600, 5200, 22000, 137200, 81600, 412400, 304800, 60400, 175000]"
94,C-alpha,17,[1525 2597 1383 ... 2273 2155  512],"[304800, 519200, 276400, 219200, 83200, 22000, 137200, 5200, 342200, 175000, 395000, 42200, 577600, 60400, 454400, 430800, 102200]"
95,C-alpha,18,[1383 2889  876 ... 2273 1618  212],"[276400, 577600, 175000, 5200, 395000, 102200, 60400, 354600, 305600, 137200, 219200, 22000, 519200, 430800, 83200, 454400, 323400, 42200]"
96,C-alpha,19,[ 876 2597 1774 ... 1976  409   86],"[175000, 519200, 354600, 276400, 137200, 60400, 4600, 428800, 446000, 102200, 221800, 583000, 28800, 304800, 40600, 465400, 395000, 81600, 17000]"
97,C-alpha,20,[1529 2328  876 ... 1618 1180 2231],"[305600, 465400, 175000, 276400, 395000, 137200, 42200, 22000, 81600, 519200, 5200, 354600, 212200, 60400, 102200, 583000, 428800, 323400, 235800, 446000]"
98,C-alpha,21,[1976 2276  876 ... 1529 2231 2913],"[395000, 455000, 175000, 60400, 102200, 5200, 212200, 354600, 276400, 571400, 83200, 137200, 42200, 519200, 22000, 323400, 235800, 428800, 305600, 446000, 582400]"
99,C-alpha,22,[1976 1618 1062 ... 2276 2231 1180],"[395000, 323400, 212200, 22000, 488200, 102200, 42200, 276400, 354600, 5200, 144600, 428800, 574200, 175000, 83200, 582400, 60400, 305600, 541400, 455000, 446000, 235800]"
100,C-alpha,23,[ 409 1180 2442 ... 1976  204  719],"[81600, 235800, 488200, 323400, 175000, 583000, 102200, 428800, 4600, 28800, 465400, 276400, 305600, 212200, 446000, 354600, 541400, 60400, 124200, 17000, 395000, 40600, 143600]"
101,C-alpha,24,[1774  622 1976 ... 2145 2872 2276],"[354600, 124200, 395000, 488200, 175000, 40600, 4600, 582400, 81600, 276400, 446000, 305600, 16600, 28800, 235800, 212200, 60400, 323400, 541400, 102200, 143600, 428800, 574200, 455000]"
102,C-alpha,25,[ 145 1774 1976 ...  409 2231 2797],"[28800, 354600, 395000, 175000, 4600, 574200, 137200, 276400, 88400, 212200, 428800, 513200, 323400, 60400, 40600, 107800, 235800, 305600, 16600, 531400, 455000, 589400, 81600, 446000, 559200]"
103,C-alpha,26,[1347 2797  876 ... 1976 2872 1209],"[269200, 559200, 175000, 4600, 124200, 40600, 428800, 354600, 81600, 455000, 17000, 212200, 488200, 305600, 589400, 102200, 60400, 227200, 28800, 323400, 531400, 446000, 143600, 395000, 574200, 241600]"
104,C-alpha,27,[1774 2567  512 ... 2658  622 1928],"[354600, 513200, 102200, 175000, 276400, 60400, 455000, 4600, 212200, 305600, 28800, 574200, 143600, 428800, 396600, 235800, 323400, 559200, 17000, 81600, 40600, 589400, 88400, 446000, 531400, 124200, 385400]"
105,C-alpha,28,[ 512 1529 1774 ...   81  443  772],"[102200, 305600, 354600, 395000, 31600, 9400, 175000, 276400, 589400, 60400, 455000, 212200, 531400, 139200, 235800, 323400, 81600, 446000, 574200, 40600, 428800, 559200, 513200, 3400, 124200, 16000, 88400, 154200]"
106,C-alpha,29,[1441 1774 1976 ...  622 2658 1634],"[288000, 354600, 395000, 16000, 227200, 455000, 52600, 102200, 143600, 175000, 3400, 589400, 298200, 446000, 312400, 62200, 212200, 40600, 81600, 574200, 428800, 241600, 9400, 559200, 31600, 513200, 124200, 531400, 326600]"
107,C-alpha,30,[1062 1976  719 ...  443  622 1441],"[212200, 395000, 143600, 16000, 241600, 455000, 81600, 574200, 369000, 305600, 175000, 531400, 40600, 3400, 446000, 52600, 102200, 227200, 323800, 355000, 62200, 31600, 589400, 559200, 428800, 9400, 513200, 88400, 124200, 288000]"
108,C-alpha,31,[2567 2276  496 ... 1846 1137 2368],"[513200, 455000, 99000, 241600, 175000, 31600, 355000, 428800, 144600, 3400, 212200, 323800, 40600, 531400, 559200, 288000, 575600, 107800, 9400, 589400, 385400, 396600, 81600, 16000, 60400, 446000, 305600, 191000, 369000, 227200, 473400]"
109,C-alpha,32,[1062 1984   81 ... 2231  956   18],"[212200, 396600, 16000, 324000, 455000, 88400, 589400, 40600, 175000, 337200, 9400, 124200, 428800, 81600, 288000, 531400, 31600, 513200, 559200, 305600, 227200, 385400, 143600, 60400, 241600, 102200, 369000, 355000, 574200, 446000, 191000, 3400]"
110,C-alpha,33,[1563 2797  622 ... 1209  443 1492],"[312400, 559200, 124200, 212200, 385400, 40600, 16000, 446000, 287400, 175000, 513200, 81600, 455000, 355000, 3400, 589400, 396600, 428800, 102200, 31600, 227200, 323400, 369000, 269200, 60400, 9400, 143600, 574200, 531400, 191000, 241600, 88400, 298200]"
111,C-alpha,34,[1347 2872  719 ... 1563  956 1438],"[269200, 574200, 143600, 531400, 175000, 40600, 428800, 224000, 4600, 88400, 369000, 81600, 16600, 298200, 212200, 323400, 455000, 582400, 513200, 52600, 385400, 241600, 446000, 559200, 102200, 234200, 355000, 28800, 396600, 62200, 124200, 312400, 191000, 287400]"
112,C-alpha,35,[ 622 1976 2276 ... 2180 1441  312],"[124200, 395000, 455000, 191000, 81600, 31600, 354600, 3400, 241600, 559200, 298200, 175000, 52600, 326600, 575600, 488200, 40600, 420200, 227200, 589400, 88400, 446000, 102200, 16000, 312400, 143600, 473400, 531400, 212200, 9400, 157800, 512600, 435800, 288000, 62200]"
113,C-alpha,36,[2368 2442 1347 ... 2658 2328  697],"[473400, 488200, 269200, 102200, 40600, 16000, 191000, 388400, 81600, 354600, 227200, 3400, 312400, 124200, 589400, 444400, 62200, 559200, 295600, 88400, 52600, 326600, 241600, 31600, 396600, 452800, 175000, 212200, 428800, 287400, 9400, 575600, 154200, 531400, 465400, 139200]"
114,C-alpha,37,[2368 1984  790 ... 2223 1347  443],"[473400, 396600, 157800, 81600, 31600, 227200, 3400, 124200, 545800, 287400, 369000, 305600, 575600, 428800, 513200, 212200, 52600, 355000, 16000, 241600, 40600, 452200, 102200, 589400, 179000, 521600, 9400, 143600, 337200, 559200, 62200, 385400, 324000, 461600, 444400, 269200, 88400]"
115,C-alpha,38,[2145 2879 2442 ... 2037 1928 1846],"[428800, 575600, 488200, 154200, 212200, 102200, 16000, 355000, 40600, 287400, 3400, 175000, 305600, 455000, 512600, 81600, 396400, 227200, 191000, 241600, 139200, 52600, 31600, 446000, 269200, 323800, 124200, 589400, 473400, 88400, 69000, 559200, 63200, 531400, 9400, 407200, 385400, 369000]"
116,C-alpha,39,[2648  876 1563 ...  312   81 2730],"[529400, 175000, 312400, 124200, 31600, 3400, 288000, 428800, 81600, 224000, 139200, 350400, 473400, 40600, 52600, 446000, 88400, 191000, 589400, 369000, 407200, 513200, 234200, 295600, 455000, 396400, 154200, 212200, 385400, 559200, 355200, 323400, 575600, 9400, 241600, 102200, 62200, 16000, 545800]"
117,torsion angles,1,[2419],[483600]
118,torsion angles,2,[ 154 2408],"[30600, 481400]"
119,torsion angles,3,[2685  154 2341],"[536800, 30600, 468000]"
120,torsion angles,4,[ 927  164 2341 2685],"[185200, 32600, 468000, 536800]"
121,torsion angles,5,[ 354  154 2685 2341  917],"[70600, 30600, 536800, 468000, 183200]"
122,torsion angles,6,[2341 2530  917  613  354   73],"[468000, 505800, 183200, 122400, 70600, 14400]"
123,torsion angles,7,[2341 1429 2645  308  917  613   73],"[468000, 285600, 528800, 61400, 183200, 122400, 14400]"
124,torsion angles,8,[2645  917 1429  613  174  354   73 2341],"[528800, 183200, 285600, 122400, 34600, 70600, 14400, 468000]"
125,torsion angles,9,[2550 2341  174  613  354 1906  917   73 1434],"[509800, 468000, 34600, 122400, 70600, 381000, 183200, 14400, 286600]"
126,torsion angles,10,[ 613 2941 1434  917  354   73 1906 2572  174 1497],"[122400, 588000, 286600, 183200, 70600, 14400, 381000, 514200, 34600, 299200]"
127,torsion angles,11,[2175 1497 1434 ...  354   73 2941],"[434800, 299200, 286600, 509800, 122400, 34600, 183200, 383600, 70600, 14400, 588000]"
128,torsion angles,12,[ 917 2268 2550 ... 2175 2916  613],"[183200, 453400, 509800, 383600, 34600, 14400, 286600, 70600, 338400, 434800, 583000, 122400]"
129,torsion angles,13,[1434  836 2550 ... 1919 2916  613],"[286600, 167000, 509800, 338400, 34600, 453400, 205000, 70600, 434800, 14400, 383600, 583000, 122400]"
130,torsion angles,14,[1693  613  836 ... 1052 2916  419],"[338400, 122400, 167000, 286600, 13000, 383600, 509800, 58400, 434800, 47200, 453400, 210200, 583000, 83600]"
131,torsion angles,15,[1919 1370 1693 ...  419 2268 1026],"[383600, 273800, 338400, 122400, 509800, 161400, 58400, 47200, 13000, 239800, 583000, 434800, 83600, 453400, 205000]"
132,torsion angles,16,[ 613 1434 2581 ...  116  284  836],"[122400, 286600, 516000, 338400, 74200, 47200, 205000, 453400, 583000, 530600, 13000, 383600, 434800, 23000, 56600, 167000]"
133,torsion angles,17,[ 613 1693 2550 ... 2175 1832   66],"[122400, 338400, 509800, 205000, 23000, 74200, 583000, 273800, 398600, 47200, 56600, 466600, 161400, 239800, 434800, 366200, 13000]"
134,torsion angles,18,[1370 2268 1693 ... 2916  856  653],"[273800, 453400, 338400, 509800, 104600, 74200, 205000, 383600, 477400, 13000, 434800, 47200, 23000, 61400, 239800, 583000, 171000, 130400]"
135,torsion angles,19,[ 237 2175 2365 ... 2735 1200 1693],"[47200, 434800, 472800, 307800, 205000, 104600, 273800, 516000, 13000, 383600, 130400, 23000, 56600, 583000, 167000, 74200, 546800, 239800, 338400]"
136,torsion angles,20,[  56 2175  653 ...   73  330  116],"[11000, 434800, 130400, 239800, 56600, 338400, 74200, 171000, 583000, 383600, 516000, 453400, 47200, 205000, 104600, 546800, 273800, 14400, 65800, 23000]"
137,torsion angles,21,[1233  116 2581 ...  378 1162 2388],"[246400, 23000, 516000, 453400, 103800, 56600, 90200, 583000, 383600, 13000, 210200, 174000, 338400, 130400, 434800, 546800, 273800, 47200, 75400, 232200, 477400]"
138,torsion angles,22,[ 653 1693 2597 ...  396 1832 2365],"[130400, 338400, 519200, 23000, 205000, 273800, 13000, 90200, 398600, 583000, 53000, 546800, 434800, 307800, 103800, 61400, 239800, 171000, 488600, 79000, 366200, 472800]"
139,torsion angles,23,[ 264 2230 1026 ...  321  520 1545],"[52600, 445800, 205000, 472800, 546800, 90200, 13000, 398600, 74600, 273800, 239800, 130400, 583000, 167000, 47200, 338400, 434800, 366200, 516000, 23000, 64000, 103800, 308800]"
140,torsion angles,24,[1919 2735 1200 ... 1359 2268  237],"[383600, 546800, 239800, 338400, 65800, 210200, 104600, 23000, 583000, 137400, 74200, 259600, 152000, 488600, 519200, 56600, 434800, 220800, 171000, 477400, 13000, 271600, 453400, 47200]"
141,torsion angles,25,[1052 1545 2625 ... 2030 1832  284],"[210200, 308800, 524800, 130400, 13000, 434800, 273800, 569600, 65800, 405200, 472800, 174000, 47200, 232200, 74200, 338400, 104600, 588000, 23000, 246400, 546800, 488600, 405800, 366200, 56600]"
142,torsion angles,26,[ 520 2597 1832 ...  330 2801 1693],"[103800, 519200, 366200, 56600, 13000, 171000, 74600, 405200, 239800, 583000, 205000, 47200, 271600, 130400, 477400, 90200, 259600, 434800, 405800, 307800, 538000, 23000, 488600, 65800, 560000, 338400]"
143,torsion angles,27,[1299 2735 1545 ... 2030  330  452],"[259600, 546800, 308800, 210200, 103800, 56600, 588000, 405200, 368800, 74600, 23000, 434800, 47200, 220800, 569600, 13000, 171000, 453600, 130400, 516000, 239800, 271600, 480000, 338400, 405800, 65800, 90200]"
144,torsion angles,28,[2316  761  856 ...  266  330 1162],"[463000, 152000, 171000, 488600, 398600, 13000, 74600, 210200, 583000, 271600, 39800, 103800, 338400, 519200, 137400, 434800, 58400, 546800, 308800, 90200, 259600, 23000, 453600, 368800, 246400, 53000, 65800, 232200]"
145,torsion angles,29,[ 374 2365 2026 ... 2230  330 1832],"[74600, 472800, 405000, 103800, 171000, 47200, 232200, 13000, 546800, 210200, 569600, 246400, 405800, 130400, 434800, 488600, 23000, 326600, 30200, 519200, 53200, 308800, 271600, 90200, 583000, 259600, 445800, 65800, 366200]"
146,torsion angles,30,[2030 1545 2597 ...  452   73 2941],"[405800, 308800, 519200, 232200, 130400, 23000, 271600, 580600, 472800, 338400, 56600, 74600, 434800, 488600, 11000, 259600, 47200, 103800, 538000, 171000, 450800, 246400, 405200, 210200, 366200, 65800, 560000, 90200, 14400, 588000]"
147,torsion angles,31,[2941 1233 2388 ...  374 2735 1162],"[588000, 246400, 477400, 152000, 271600, 30400, 90200, 210800, 338400, 519200, 11000, 171000, 71000, 405200, 307800, 259600, 405800, 23000, 47200, 434800, 210200, 14400, 137400, 569600, 103800, 488600, 61400, 366200, 74600, 546800, 232200]"
148,torsion angles,32,[2401 2175  330 ... 2323 2801  929],"[480000, 434800, 65800, 6800, 236600, 143800, 488600, 583000, 47200, 308800, 259600, 338400, 546800, 21200, 368800, 210800, 162600, 319800, 30200, 90200, 103800, 519200, 53200, 152000, 74600, 246400, 271600, 208400, 398600, 464400, 560000, 185600]"
149,torsion angles,33,[2228 1994 2355 ... 1162 2849 2269],"[445400, 398600, 470800, 103800, 171000, 366200, 64000, 11000, 271600, 583000, 524800, 210800, 47200, 90200, 434800, 54200, 552800, 30200, 137400, 338400, 259600, 74600, 152000, 546800, 246400, 208400, 23000, 488600, 14400, 308800, 232200, 569600, 453600]"
150,torsion angles,34,[1043 1233 2735 ...  452 1299 2323],"[208400, 246400, 546800, 368800, 152000, 74600, 53000, 6800, 405800, 588000, 56600, 308800, 434800, 480000, 488600, 347000, 210800, 341400, 519200, 185600, 65800, 271600, 103800, 28200, 405000, 19600, 137400, 39800, 236600, 162600, 569600, 90200, 259600, 464400]"
151,torsion angles,35,[  56 1162 2444 ... 2269 2735  152],"[11000, 232200, 488600, 480000, 126000, 405200, 64000, 90200, 210200, 588000, 326600, 366200, 74600, 429400, 271600, 519200, 146800, 23000, 38600, 308800, 171000, 103800, 210800, 259600, 53000, 338400, 246400, 14400, 405800, 569600, 420200, 53200, 453600, 546800, 30200]"
152,torsion angles,36,[1832 1162 2444 ... 2269  272 1600],"[366200, 232200, 488600, 171000, 90200, 14800, 47200, 405200, 569600, 152000, 273800, 74600, 434800, 308800, 538000, 103800, 30200, 588000, 65800, 6800, 210800, 338400, 210200, 137400, 480000, 560000, 23000, 519200, 115400, 259600, 405800, 271600, 246400, 453600, 54200, 319800]"
153,torsion angles,37,[  66 2645  856 ... 1233 2444 1699],"[13000, 528800, 171000, 307800, 450800, 47200, 146800, 259600, 405800, 103800, 64000, 358600, 210200, 472800, 583000, 90200, 514200, 157800, 368800, 551200, 52600, 427800, 405200, 23000, 232200, 130400, 319800, 560000, 79000, 464400, 271600, 210800, 488200, 569600, 246400, 488600, 339600]"
154,torsion angles,38,[ 688 1233 1693 ...  761 2365  152],"[137400, 246400, 338400, 560000, 74600, 21200, 418200, 174000, 53000, 488600, 13000, 583000, 210800, 450800, 405800, 53200, 271600, 537200, 103800, 65800, 308800, 405200, 519200, 259600, 368800, 569600, 122400, 38600, 464400, 208400, 232200, 429400, 540000, 319800, 90200, 152000, 472800, 30200]"
155,torsion angles,39,[1693 1359 1052 ... 1299  436  928],"[338400, 271600, 210200, 65800, 514800, 103800, 6800, 561600, 583000, 405000, 41000, 316400, 26400, 130400, 79000, 307800, 434800, 96400, 472800, 445400, 524800, 21200, 236600, 368800, 162600, 52600, 137400, 152200, 223000, 246400, 397200, 401600, 540000, 53000, 488600, 464400, 259600, 87000, 185400]"
156,pairwise dist + torsion angles,1,[1468],[293400]
157,pairwise dist + torsion angles,2,[ 697 1468],"[139200, 293400]"
158,pairwise dist + torsion angles,3,[2178 1236  479],"[435400, 247000, 95600]"
159,pairwise dist + torsion angles,4,[ 551 1488  164 2844],"[110000, 297400, 32600, 568600]"
160,pairwise dist + torsion angles,5,[2168  479 1226   84 2844],"[433400, 95600, 245000, 16600, 568600]"
161,pairwise dist + torsion angles,6,[1845  980  583 2854 2544  164],"[368800, 195800, 116400, 570600, 508600, 32600]"
162,pairwise dist + torsion angles,7,[ 980 1486  583  164 2544 2047 2854],"[195800, 297000, 116400, 32600, 508600, 409200, 570600]"
163,pairwise dist + torsion angles,8,[2565 1559  980  636  303 2854   84 2047],"[512800, 311600, 195800, 127000, 60400, 570600, 16600, 409200]"
164,pairwise dist + torsion angles,9,[2589 1579   84  980  303 1267 2854  589 2047],"[517600, 315600, 16600, 195800, 60400, 253200, 570600, 117600, 409200]"
165,pairwise dist + torsion angles,10,[1101 1739 2589 2854  589 2047  303   84 1412  843],"[220000, 347600, 517600, 570600, 117600, 409200, 60400, 16600, 282200, 168400]"
166,pairwise dist + torsion angles,11,[  84 1412  589 ... 1594  303  843],"[16600, 282200, 117600, 483400, 539000, 570600, 218000, 409200, 318600, 60400, 168400]"
167,pairwise dist + torsion angles,12,[1594 2047  589 ... 1412  214  843],"[318600, 409200, 117600, 570600, 16600, 218000, 539000, 86600, 483400, 282200, 42600, 168400]"
168,pairwise dist + torsion angles,13,[1594 1412 2702 ... 2257  434 2544],"[318600, 282200, 540200, 409200, 117600, 168400, 42600, 570600, 218000, 16600, 451200, 86600, 508600]"
169,pairwise dist + torsion angles,14,[2854 2257  859 ... 2047  707 2544],"[570600, 451200, 171600, 40600, 540200, 282200, 318600, 114400, 220000, 15400, 80600, 409200, 141200, 508600]"
170,pairwise dist + torsion angles,15,[ 514 1412 2047 ... 2702  817 1594],"[102600, 282200, 409200, 508600, 15400, 196800, 80600, 570600, 225600, 141200, 451200, 40600, 540200, 163200, 318600]"
171,pairwise dist + torsion angles,16,[2138 1412  404 ...  817 2378 1129],"[427400, 282200, 80600, 318600, 570600, 141200, 201200, 15400, 508600, 102600, 40600, 540200, 392200, 163200, 475400, 225600]"
172,pairwise dist + torsion angles,17,[2806 2493 1594 ... 2692  573  985],"[561000, 498400, 318600, 163200, 40600, 225600, 141200, 15400, 409200, 574600, 282200, 475400, 80600, 427400, 538200, 114400, 196800]"
173,pairwise dist + torsion angles,18,[2483 1412 1594 ...  573  817 2138],"[496400, 282200, 318600, 392200, 141200, 201200, 80600, 555800, 11400, 225600, 538200, 44600, 574600, 475400, 26600, 114400, 163200, 427400]"
174,pairwise dist + torsion angles,19,[1129 1486 2378 ... 1962 2483  134],"[225600, 297000, 475400, 114400, 427400, 574600, 11400, 163200, 44600, 282200, 201200, 538200, 141200, 326200, 80600, 555800, 392200, 496400, 26600]"
175,pairwise dist + torsion angles,20,[ 404 2378 1962 ...  514  875  232],"[80600, 475400, 392200, 574600, 149200, 130000, 196800, 282200, 555800, 225600, 7800, 496400, 427400, 26600, 326200, 538200, 297000, 102600, 174800, 46200]"
176,pairwise dist + torsion angles,21,[ 592 2138 2874 ...  827 1179 1486],"[118200, 427400, 574600, 188800, 42600, 11400, 282200, 326200, 141200, 409200, 498400, 538200, 475400, 220000, 92600, 80600, 26600, 561000, 165200, 235600, 297000]"
177,pairwise dist + torsion angles,22,[ 707 1856 2589 ... 2463  817 2702],"[141200, 371000, 517600, 188800, 86600, 7800, 574600, 235600, 427400, 326200, 26600, 282200, 392200, 297000, 220000, 60600, 114400, 475400, 561000, 492400, 163200, 540200]"
178,pairwise dist + torsion angles,23,[1856 2383  214 ... 1962  134 1101],"[371000, 476400, 42600, 574600, 282200, 188800, 92600, 11400, 113600, 508600, 326200, 165200, 80600, 538200, 240000, 425400, 297000, 143200, 449000, 555800, 392200, 26600, 220000]"
179,pairwise dist + torsion angles,24,[  58 1876 1199 ...  651 1962  747],"[11400, 375000, 239600, 555800, 80600, 114400, 475400, 538200, 220000, 174800, 323200, 574600, 427400, 190800, 276000, 26600, 496400, 92600, 297000, 42600, 326200, 130000, 392200, 149200]"
180,pairwise dist + torsion angles,25,[2463 2378  945 ...  662 1179 2589],"[492400, 475400, 188800, 92600, 371000, 574600, 20600, 282200, 427400, 149200, 169200, 46200, 540200, 297000, 114400, 34600, 392200, 561000, 220000, 9400, 80600, 326200, 132200, 235600, 517600]"
181,pairwise dist + torsion angles,26,[1486 2589  651 ... 2834 1056 2762],"[297000, 517600, 130000, 427400, 26600, 233200, 80600, 574600, 392200, 149200, 11400, 274000, 188800, 492400, 475400, 92600, 244200, 363800, 169200, 540200, 114400, 369000, 42600, 566600, 211000, 552200]"
182,pairwise dist + torsion angles,27,[ 134 1371 2483 ...  847 1486 2686],"[26600, 274000, 496400, 323200, 425400, 561000, 114400, 188800, 80600, 542200, 149200, 354800, 244200, 392200, 211000, 476400, 11400, 130000, 42600, 449000, 574600, 233200, 375000, 92600, 169200, 297000, 537000]"
183,pairwise dist + torsion angles,28,[ 955 2246 1436 ... 2834 1101 1361],"[190800, 449000, 287000, 114400, 9400, 552200, 174800, 46200, 351600, 498400, 425400, 538200, 20600, 92600, 574600, 149200, 241600, 392200, 476400, 305800, 34600, 130000, 80600, 375000, 363800, 566600, 220000, 272000]"
184,pairwise dist + torsion angles,29,[1371 2378  573 ...  945 1486  114],"[274000, 475400, 114400, 169200, 418800, 9400, 60600, 552200, 351600, 517600, 130000, 574600, 244200, 233200, 211000, 80600, 36600, 434600, 370200, 392200, 92600, 566600, 492400, 149200, 540200, 363800, 188800, 297000, 22600]"
185,pairwise dist + torsion angles,30,[1056 2246 2702 ...  945  167  404],"[211000, 449000, 540200, 92600, 149200, 18600, 574600, 272000, 305800, 114400, 392200, 517600, 46200, 326200, 165200, 371000, 566600, 476400, 225600, 496400, 552200, 9400, 132200, 418800, 244200, 437600, 287000, 188800, 33200, 80600]"
186,pairwise dist + torsion angles,31,[2874  154 1632 ... 2189 1277 1876],"[574600, 30600, 326200, 496400, 241600, 149200, 392200, 114400, 215800, 18600, 283200, 552200, 540200, 80600, 449000, 188800, 323200, 130000, 418800, 297000, 517600, 44600, 9400, 566600, 165200, 222000, 92600, 476400, 437600, 255200, 375000]"
187,pairwise dist + torsion angles,32,[2483  134 2834 ... 1876  662 2095],"[496400, 26600, 566600, 363800, 203200, 392200, 114400, 274000, 161200, 44600, 517600, 540200, 80600, 351600, 7400, 437600, 574600, 449000, 220000, 92600, 145200, 476400, 170200, 182800, 241600, 305800, 552200, 287000, 12600, 375000, 132200, 418800]"
188,pairwise dist + torsion angles,33,[1209 1632  747 ... 2483 2762 2383],"[241600, 326200, 149200, 564600, 404800, 7400, 80600, 26600, 517600, 114400, 203200, 274000, 449000, 574600, 165200, 538200, 12600, 384200, 293800, 418800, 130000, 373000, 319200, 220000, 92600, 437600, 57800, 588400, 40600, 184800, 496400, 552200, 476400]"
189,pairwise dist + torsion angles,34,[2702 1632 1267 ... 2874  290 1436],"[540200, 326200, 253200, 132200, 380600, 32600, 12600, 161200, 566600, 476400, 220000, 188800, 92600, 319200, 434600, 44200, 272000, 176400, 496400, 552200, 448600, 114400, 371000, 80600, 7400, 517600, 22600, 145200, 418800, 404800, 238000, 574600, 57800, 287000]"
190,pairwise dist + torsion angles,35,[ 662  164 1017 ... 1191  925 2816],"[132200, 32600, 203200, 449000, 253200, 544600, 574600, 363800, 427400, 92600, 12600, 165200, 384200, 489000, 44200, 149200, 475400, 305800, 80600, 174400, 220000, 538200, 516000, 114400, 287000, 20600, 272000, 411400, 15000, 354800, 375000, 57800, 238000, 184800, 563000]"
191,pairwise dist + torsion angles,36,[1017 2589  164 ... 1820 1101  114],"[203200, 517600, 32600, 351600, 392200, 272000, 132200, 574600, 169600, 7400, 447000, 475400, 59800, 80600, 375000, 114400, 418800, 566600, 244200, 496400, 307800, 184800, 172200, 552200, 287000, 143200, 300200, 12600, 46200, 157200, 92600, 540200, 229600, 363800, 220000, 22600]"
192,pairwise dist + torsion angles,37,[ 651 2058 1436 ... 1201  592  164],"[130000, 411400, 287000, 57800, 476400, 574600, 20600, 190800, 363800, 181400, 222000, 566600, 517600, 92600, 44600, 552200, 145200, 9400, 255200, 375000, 215800, 392200, 455200, 102600, 427400, 272000, 80600, 434600, 170200, 351600, 540200, 159200, 305800, 496400, 240000, 118200, 32600]"
193,pairwise dist + torsion angles,38,[ 662 2762 1799 ... 2246 2874  194],"[132200, 552200, 359600, 60600, 18600, 192800, 496400, 241600, 566600, 404800, 168200, 92600, 233200, 476400, 540200, 305800, 418800, 272000, 9400, 145200, 28600, 178600, 326200, 80600, 372200, 517600, 255200, 211000, 437600, 114400, 181400, 384200, 363800, 159200, 291800, 449000, 574600, 38600]"
194,pairwise dist + torsion angles,39,[1436 2493  164 ... 2095  514 2859],"[287000, 498400, 32600, 193800, 351600, 556600, 89200, 404800, 241600, 145200, 591600, 62600, 12600, 544200, 384200, 222000, 517600, 437600, 159200, 80600, 215800, 449000, 305800, 192000, 22600, 113600, 174800, 130000, 483200, 466600, 538200, 15000, 363800, 40600, 272000, 375000, 418800, 102600, 571600]"
