"frame_num","actives_count_top5","actives_count_top1","actives_count_top05"
"0","67","2",\N
"1000","36","3","3"
"10000","63","5","3"
"100000","36","2","1"
"1000600","74","19","10"
"1001400","83","20","9"
"100400","36","7","6"
"1004400","115","25","8"
"1007600","41","9","4"
"100800","51","2","1"
"101000","33","2","2"
"1010000","82","19","10"
"1010400","121","35","23"
"101200","46","4","3"
"101400","47","4","4"
"1014400","42","1","1"
"1017200","67","13","2"
"101800","40","20","4"
"1018200","49","13",\N
"10200","27","2","2"
"102000","57","6","1"
"1020200","73","5","1"
"1021400","39","7","3"
"102200","53","6","6"
"102400","35","5","2"
"102800","52","5","3"
"1031400","116","20","8"
"1031800","42","8",\N
"103200","58","2",\N
"103400","41","3",\N
"1034800","79","6",\N
"103600","42","2","1"
"103800","66","2","1"
"1039600","22","2",\N
"10400","91","22","16"
"104000","52","19","1"
"104200","61","7","2"
"1042400","41","5","3"
"104400","62","5","2"
"1044000","75","4","3"
"104600","52","3","3"
"104800","50","10","9"
"105000","36","3","2"
"105200","29","4","2"
"1055800","47",\N,\N
"105600","46","4","2"
"105800","66","17","8"
"10600","43","2",\N
"1061000","68","14","13"
"106200","28","3","1"
"1062800","34",\N,\N
"106400","50",\N,\N
"106600","43","8","8"
"106800","33","4","4"
"107000","33","3","2"
"107200","42","6","2"
"108000","55","7","3"
"108200","48","17","16"
"1082800","115","14","5"
"108400","49","5","3"
"1084200","63","5","3"
"108600","47","7","2"
"108800","42","2","2"
"1088400","154","36","12"
"1089400","89","10","2"
"109000","38","3","2"
"109200","24","3","2"
"109400","25","4","3"
"1095000","91","6","4"
"109600","18","6","3"
"109800","37","17","1"
"11000","50","4","1"
"110000","54","17",\N
"110200","58","16","16"
"110400","23","2","1"
"110600","38","2",\N
"110800","45","7","2"
"111000","43","8","5"
"1110000","91","15","4"
"111400","47","8","6"
"111600","34","4","2"
"1118800","98","15","5"
"11200","47","23","19"
"112000","36","1","1"
"1122800","58","4","2"
"112600","38","4","2"
"112800","69","7","3"
"113000","56","5","3"
"1133600","95","19","10"
"113800","52","7","4"
"1138400","73","14","7"
"11400","41","7","4"
"114000","45","3","2"
"114400","35","4","3"
"1145800","98","26","16"
"114600","34","11","10"
"114800","30","1","1"
"115000","35","3","2"
"115200","41","19","18"
"115600","39","1","1"
"115800","31","2","1"
"116000","32","3","2"
"116200","51","5","2"
"116400","40","4","4"
"116800","32","5","3"
"117000","44","3","1"
"117200","28","3",\N
"117400","43","4","2"
"11800","50","19","2"
"118000","49","4","4"
"118200","38","3","1"
"118400","57","9","4"
"118600","39","1","1"
"119000","32","3",\N
"119800","41","7",\N
"120000","68","7","2"
"120200","52","22",\N
"120400","57","6","3"
"120600","34","1","1"
"120800","55","10","5"
"121000","93","9","5"
"121200","43","2","2"
"121400","57","1","1"
"121600","47","3","2"
"121800","53","3","1"
"12200","43","3","1"
"122000","42","1","1"
"122200","38","4","1"
"122400","63","20","1"
"122600","42","2","1"
"122800","32","2","1"
"123200","42","7","4"
"123400","71","4",\N
"123600","58","6","2"
"123800","47","4",\N
"12400","45","3",\N
"124000","48","2","1"
"124200","38","2",\N
"124400","33","1","1"
"124600","45","3","1"
"124800","37","2","1"
"125000","37","2","1"
"125200","52","3","2"
"125400","35","3","3"
"125600","45","18",\N
"12600","41","3","1"
"126000","45","1","1"
"126200","48","2",\N
"126400","32","2","2"
"126600","55","1","1"
"126800","44","2","1"
"127000","38","2",\N
"127200","44","3",\N
"127400","47","3","2"
"127600","44","2","1"
"127800","43","3","2"
"12800","38","7","2"
"128200","52","9","8"
"128400","32","2","1"
"128600","45","5","4"
"129000","30","16",\N
"129400","41","2","1"
"129600","44","3","3"
"130000","30","1","1"
"130200","37","2","2"
"130400","34","5","5"
"131000","41","21","19"
"131200","28","19","19"
"13200","67","7",\N
"132000","33","2","2"
"132200","29","1","1"
"132400","43","4","1"
"132600","41","17",\N
"132800","41","9","4"
"133000","31","2","1"
"133400","50","6","5"
"133600","48","8","6"
"133800","49","6","6"
"13400","24",\N,\N
"134000","44","4","2"
"134200","45","19","18"
"134400","45","12","7"
"134600","92","24","11"
"134800","39","5",\N
"135200","71","19","14"
"135400","16","1",\N
"135600","26","3","2"
"13600","34",\N,\N
"136000","46",\N,\N
"136400","29","6","2"
"136600","64","3","2"
"136800","35","2","2"
"137000","24","4","2"
"137200","47","3","1"
"137400","50","18","16"
"137600","26","8","3"
"137800","43","4",\N
"13800","33","2","1"
"138200","44","1","1"
"138400","27","4","2"
"138600","32","2",\N
"139200","32","5","2"
"139400","15","3","3"
"139800","37","4","2"
"1400","75","25","6"
"140000","43","1",\N
"140200","32","3","1"
"140600","25","5","1"
"140800","52","7","2"
"141000","21","4","1"
"141200","40","3","2"
"141400","21","2","2"
"141600","45","2","1"
"141800","16","7","6"
"14200","51","5","3"
"142200","45","3","1"
"142600","24","2",\N
"142800","18","3","1"
"143000","37","8","3"
"143200","35","2","1"
"143400","36","5","3"
"143600","43","17",\N
"143800","33","2","1"
"144000","35","5","2"
"144200","98","14","8"
"144400","37","3","2"
"144800","48","4","1"
"145000","35","1",\N
"145200","13","1",\N
"145400","30","3","3"
"145600","23","3","1"
"145800","44","6","1"
"14600","44","3","1"
"146000","37","2","1"
"146200","26","3","2"
"146400","52","1","1"
"146800","44","1","1"
"147000","45","17",\N
"147400","51","3","2"
"147600","48","7","3"
"147800","40","5","3"
"148000","39","4","2"
"148400","39","2","1"
"148600","57","2","2"
"148800","36","3","2"
"149000","21","1","1"
"149200","47","9","6"
"149400","52","3","2"
"149800","51","7","4"
"150600","45","2","1"
"150800","12","5",\N
"151000","51","12","4"
"151200","73","4","1"
"151600","22","10","3"
"151800","34","2",\N
"152000","23",\N,\N
"152400","46","2",\N
"152600","31","2","1"
"153200","66","14","11"
"153400","32","3","1"
"153600","19","2",\N
"153800","64","19","9"
"15400","32","1","1"
"154000","52","25","13"
"154200","81","1","1"
"154400","15","2","1"
"154600","39","8","3"
"155000","56","1",\N
"155200","30","1",\N
"155400","113","28","2"
"155800","31",\N,\N
"15600","41","3",\N
"156000","46","2","1"
"156200","34","3","2"
"156600","77","19",\N
"156800","35","4","3"
"157200","65","28","21"
"157400","34","1","1"
"157600","39","3","1"
"157800","39","2","1"
"15800","62","21","17"
"158200","68","12","1"
"158600","36","2","1"
"158800","45","8",\N
"159200","95","26","18"
"159400","39","2","1"
"1600","45","3","1"
"16000","37","19","1"
"160000","123","15","3"
"160200","71","13","12"
"160400","41","4","2"
"160600","121","32","11"
"160800","65","4","1"
"161000","77","2","2"
"161200","46","3","2"
"161600","59","7","3"
"161800","86","6","3"
"16200","64","2","1"
"162000","59","13","8"
"162200","83","3",\N
"162400","63","11","4"
"162800","19","4","1"
"163200","40","3","2"
"163600","37","3","2"
"163800","73","20","18"
"16400","37","2","2"
"164200","54","2","1"
"164400","33","3","2"
"164600","44","26","18"
"164800","34","19","3"
"165000","55","3","1"
"165200","34","3","3"
"165400","35","5","4"
"165800","33","3",\N
"16600","60","1","1"
"166000","41",\N,\N
"166200","53","5","4"
"166400","24","5","4"
"166600","42","7","4"
"166800","43","8","2"
"167400","31","3",\N
"167800","48","22","3"
"16800","52","4","2"
"168400","56","6","4"
"168800","48","2",\N
"169000","36","4","3"
"169600","31","2",\N
"169800","37","4","2"
"17000","37","2","1"
"170000","62","5","2"
"170200","23","16",\N
"170400","28","2",\N
"170600","49","3","2"
"170800","74","3","2"
"171000","57","5","3"
"171200","50","8","5"
"171400","42","2","1"
"171600","36","3","2"
"171800","35","4","2"
"17200","41","3","2"
"172000","38","19","17"
"172400","60","23","3"
"172600","44","3","3"
"172800","47","4",\N
"173400","59","17","17"
"173800","48","7","6"
"17400","48","3","1"
"174400","36","1","1"
"174600","34","3","3"
"175600","43","3","3"
"175800","34","4","2"
"17600","40","1","1"
"176000","47","7","4"
"176200","64","15","11"
"176400","57","5","1"
"176600","49","5","4"
"177000","48","6","6"
"177200","39","2","1"
"178200","91","4",\N
"178400","42","8","2"
"178800","35","3","3"
"179000","52","8","5"
"179400","54","7","2"
"179600","40","3",\N
"1800","84","20","3"
"18000","27","1",\N
"180000","46","3","1"
"180200","40","3","1"
"180600","40","4","3"
"180800","28","17","1"
"181000","25","6","4"
"181200","50","7","2"
"181400","43","2","1"
"181600","56","7","2"
"181800","35","1",\N
"18200","44",\N,\N
"182400","14","6","3"
"182600","33","3","2"
"182800","102","22","5"
"183200","35","2","2"
"183600","42","3","2"
"18400","44","4","3"
"184200","33","18","1"
"184400","40","6","4"
"184600","105","10","2"
"184800","40","3","2"
"185200","35","3","2"
"185400","44",\N,\N
"185600","36","5","5"
"185800","52","3","2"
"186200","40","7","2"
"186400","50","6","5"
"186600","98","1","1"
"186800","43","2","1"
"187400","24","3","1"
"187600","29","3","1"
"18800","37","4","2"
"188000","38","5","3"
"188200","38","7","3"
"188400","38","5","5"
"188600","55","6","2"
"188800","47","2","1"
"189000","15","6","6"
"189200","34","9","1"
"189400","18","6","1"
"189600","22","5","5"
"189800","26","9","5"
"190000","52","12","5"
"190200","16","1","1"
"190600","39","18","1"
"190800","34","8","2"
"191200","23","3","2"
"191600","25","5",\N
"191800","18","5","3"
"19200","44","2",\N
"192400","25","6","3"
"192600","68","23",\N
"192800","33","3","3"
"193000","47","5","2"
"193200","22","6","4"
"193400","40","4","2"
"193600","28","1","1"
"194000","30","5","2"
"194200","40","4",\N
"194400","39","11","2"
"194600","38","7","1"
"194800","29","2","1"
"195200","36","5","2"
"195400","38","11","5"
"195600","33","5","5"
"195800","24","13","4"
"19600","54","16","16"
"196200","90","6",\N
"196400","59","1","1"
"196600","21","1",\N
"196800","31","4","3"
"197000","17","5","1"
"197400","83","6","3"
"198000","88","23","13"
"198400","46","8","1"
"198600","38","3","2"
"198800","72","9","3"
"199000","38","7","3"
"199200","42","5","3"
"199400","30","3","1"
"199600","31","2","1"
"199800","35","9","2"
"200","57","9","5"
"2000","57","19","18"
"20000","58","4","1"
"200200","56","1",\N
"200400","37","3",\N
"200600","34","2","2"
"200800","60","20","19"
"201400","16","3","1"
"201600","49","7","2"
"20200","43","4","3"
"202000","35","2","1"
"202200","54","20","1"
"202600","42","8","3"
"202800","46","4","3"
"203000","33","5","4"
"203400","41","5","4"
"203600","46","4","2"
"203800","56","6","1"
"204000","66","3","1"
"204200","46","5","2"
"204800","50","2",\N
"205000","59","18",\N
"205200","47","3","2"
"205400","38","2","2"
"205600","56","4","3"
"205800","49","5","3"
"20600","101","31","18"
"206000","41","3","3"
"206200","46","1","1"
"206400","33","3","2"
"206600","14","1","1"
"206800","39","4","2"
"207000","118","4","2"
"207200","46","5","1"
"207400","44","3","2"
"207600","34","4","3"
"207800","37","3","2"
"20800","57","3","1"
"208000","43","3","2"
"208800","45","3","2"
"209000","37","18","1"
"209600","42","3","3"
"209800","30","9","3"
"210000","10","1","1"
"210200","46","2","2"
"210600","38","1",\N
"210800","35","6","3"
"211000","46",\N,\N
"211200","34","5","2"
"211400","38","4","2"
"211600","44",\N,\N
"211800","34","1",\N
"21200","33","1","1"
"212200","25",\N,\N
"212400","78","26","8"
"212600","62","3",\N
"212800","40","3","1"
"213000","31","3","2"
"213400","31","3","1"
"21400","37","4","1"
"214000","10","5","2"
"214200","35","7","2"
"214400","53","5","1"
"214600","38","4","3"
"214800","54","5","3"
"215000","54","1","1"
"215400","43","15","8"
"215600","27","8","3"
"21600","38","1",\N
"216000","19","5","3"
"216200","30","11","7"
"216400","67","10","8"
"216600","37",\N,\N
"216800","79","2",\N
"217000","61","5","5"
"217400","56","14","7"
"217600","22","5","2"
"217800","16","5","3"
"218000","45","1",\N
"218400","31","4","1"
"218600","22","8",\N
"218800","13","1",\N
"219000","24","1","1"
"219200","53","18","17"
"219400","37","1",\N
"219600","23","3","2"
"219800","95","7","2"
"22000","51","1","1"
"220000","42","6","5"
"220200","86","16","7"
"220400","47","6","2"
"220600","43","2",\N
"220800","50","21","12"
"221200","73","3","3"
"221400","78","9","4"
"221600","53","4","3"
"22200","42","4","3"
"222200","43","1","1"
"222400","59","8","3"
"222600","34","12","7"
"222800","42","3","1"
"223000","56","13","4"
"223200","29","2","2"
"223400","81","5",\N
"223800","78","11","10"
"224000","32","5",\N
"224200","126","23","6"
"224400","69","6","2"
"224600","22","5","5"
"224800","42","4","4"
"225200","73","27","9"
"225400","71","1","1"
"225600","35","2",\N
"225800","12","3","1"
"22600","49","1","1"
"226000","51","7","3"
"226200","71","1","1"
"226400","109","40","24"
"226600","48","1",\N
"226800","43","8","4"
"227000","36","6","3"
"227200","95","46","33"
"227600","51","9","1"
"227800","73","13","2"
"22800","58","21",\N
"228000","28","6","1"
"228200","22","3","2"
"228400","18","7","5"
"228600","68","8","3"
"228800","25","2",\N
"229000","27","8","4"
"229200","15","3","1"
"229400","27","8","3"
"229600","35","4","1"
"229800","27","1","1"
"23000","30","3","2"
"230000","26","2","1"
"230200","24","3","2"
"230400","35","7","2"
"230600","23","2",\N
"230800","48","10","1"
"231000","44","2","2"
"231400","37","7","2"
"231600","21","6","3"
"231800","56","21","13"
"232000","9","1","1"
"232200","26","5","2"
"232400","25","5",\N
"233400","79","18","4"
"233600","15","4","4"
"233800","46","2",\N
"23400","51","2",\N
"234000","18","2","2"
"234200","25","2","1"
"234400","26",\N,\N
"234600","25","4","3"
"234800","21","5","3"
"235400","49","10","7"
"235600","67","24","21"
"235800","16","7","5"
"23600","71","1","1"
"236200","25","6","4"
"236400","25","3","3"
"236600","32","3","1"
"236800","24","4","2"
"237000","14","7","1"
"237200","63","10","2"
"237400","52","1","1"
"237600","46",\N,\N
"237800","30","5","4"
"23800","36","16",\N
"238000","35","10","6"
"238800","53","1","1"
"239200","30","8",\N
"239800","119","20","12"
"24000","35","2","1"
"240000","25","2",\N
"240400","18",\N,\N
"240600","67","6","2"
"240800","97","37","26"
"241000","66",\N,\N
"241200","58","4",\N
"241800","30",\N,\N
"24200","56","2",\N
"242000","102","24","14"
"242200","130","78","46"
"242400","166","50","24"
"242600","166","24","10"
"242800","70","6","1"
"243000","107","29","10"
"243200","95","6",\N
"243400","78","13","7"
"243600","119","10","4"
"243800","85","20","8"
"24400","61","9","5"
"244000","110","50","22"
"244200","138","46","20"
"244400","21","3",\N
"244600","26",\N,\N
"244800","72","2","2"
"245000","108","27","8"
"245200","92","31","8"
"245400","99","23","5"
"245600","91","2","2"
"24600","33","1",\N
"246000","53","12","3"
"246200","91","14","4"
"246400","94","18","8"
"246800","70","14","5"
"247000","114","42","22"
"247200","132","43","29"
"247400","74","20","12"
"247600","98","17","4"
"247800","81","15","5"
"248000","71","38","22"
"248200","38","5","2"
"248400","62","9","4"
"248600","84","13","9"
"249000","26","8","5"
"249400","53","5",\N
"249600","36","7","4"
"25000","48","3","1"
"250400","95","15","2"
"250600","97","15","4"
"251200","42","3",\N
"251400","71","12","8"
"251600","69","16","8"
"251800","36",\N,\N
"252000","30","15",\N
"252200","43","8",\N
"252400","83","1","1"
"252600","41","9",\N
"253000","69","5",\N
"253200","57","11","3"
"253400","85","14","7"
"253600","78","10","3"
"253800","34","7","5"
"25400","35","9","9"
"254000","57","15","10"
"254600","61","24","8"
"254800","109","18","14"
"255000","115","20","1"
"255200","137","41","20"
"255600","111","21","12"
"256000","30","5",\N
"256200","58","6","2"
"256400","45",\N,\N
"256600","90","16","10"
"256800","56","1",\N
"257000","91","16","7"
"257200","127","21","13"
"257400","112","34","21"
"257600","101","19","8"
"257800","37","6","1"
"25800","48","2","2"
"258200","64","25","22"
"258400","73","16","7"
"258600","100","25","9"
"259000","79","5","2"
"259200","55","20","18"
"259400","100","20","2"
"259800","75","7","2"
"2600","55","18","2"
"26000","32","3","2"
"260200","94","31","13"
"260400","108","10","4"
"260600","89","14","8"
"260800","94","9","5"
"261000","122","15","3"
"261200","41","5","2"
"261400","97","27","17"
"261600","59","6","5"
"261800","118","40","19"
"26200","57","19","3"
"262600","33","5",\N
"262800","56","12","8"
"263000","107","29","4"
"263400","34","2","2"
"263600","160","43","27"
"263800","84","26","9"
"26400","73","3","2"
"264000","76","2","2"
"264400","69","7","4"
"264600","47","6","4"
"264800","98","8","3"
"265000","28",\N,\N
"265400","47","4","4"
"265600","36","14","11"
"265800","78","20","10"
"266000","51","2","1"
"266400","51","13","5"
"266600","97","20","7"
"266800","35","2","1"
"267000","108","33","7"
"267200","136","60","37"
"267400","80","12","5"
"267600","78","3",\N
"267800","146","43","23"
"26800","48","17","1"
"268000","61","18","9"
"268200","72","10",\N
"268400","80","20","7"
"268600","74","10","5"
"269000","20","2",\N
"269200","69","10","5"
"269400","94","6","1"
"269600","84","6","1"
"269800","102","15","9"
"270000","115","10",\N
"270200","85","11","3"
"270400","21",\N,\N
"270600","57","1","1"
"270800","58","17","12"
"271000","118","45","22"
"271200","110","24","17"
"271400","78","30","15"
"271600","67","5","2"
"271800","108","25","13"
"27200","32","21","1"
"272000","143","27","14"
"272400","41","3",\N
"272600","84","14","9"
"272800","116","7","5"
"273000","89","15","8"
"273400","98","17","2"
"273600","15",\N,\N
"274200","91","32","18"
"274400","82","13","9"
"274600","87","14","7"
"274800","49","7",\N
"275200","32",\N,\N
"275400","101","9","3"
"275600","31","2","2"
"275800","122","47","28"
"27600","66","5","3"
"276000","82","6","3"
"276800","85","8","4"
"277000","83","6","4"
"277200","54","21","18"
"277400","68","9","1"
"277600","32","5",\N
"277800","102","20","9"
"27800","31","17","1"
"278000","70","5","5"
"278200","49","7",\N
"278400","77","13","3"
"278600","74","9","4"
"279000","28","2","2"
"279200","95","16","2"
"279400","70","14","2"
"279600","104","14","7"
"279800","148","41","23"
"2800","37","19","1"
"280000","56","6","3"
"280200","70","11","8"
"280600","83","3","3"
"280800","74","14",\N
"281000","82","14","5"
"281200","104","12","5"
"281600","51","11","6"
"281800","62","3",\N
"28200","36","3","1"
"282000","80","9",\N
"282200","50","2",\N
"282400","35","4",\N
"282600","47","6",\N
"282800","67","3",\N
"283000","59","6",\N
"283200","111","14","12"
"283400","21","2",\N
"283800","41","7","3"
"284000","180","30","19"
"284200","59","11","4"
"284600","94","22","10"
"284800","68","6","2"
"285000","78","17","5"
"285200","84","6","3"
"285400","95","14","6"
"285600","98","7","4"
"285800","80","7","1"
"28600","42","16",\N
"286000","73","8","1"
"286400","113","28","19"
"287000","59","6","6"
"287200","42","9","2"
"287600","43","2",\N
"287800","137","30","12"
"28800","47","2","1"
"288000","97","8","2"
"288200","75","19","12"
"288400","47","3","2"
"288600","130","31","11"
"288800","148","43","17"
"289000","98","12","4"
"289200","103","19","3"
"289400","49","4","2"
"289600","72","17","10"
"289800","77","7","2"
"29000","50","18",\N
"290000","112","21","7"
"290200","85","14","2"
"290400","90","6","3"
"290600","37","3","2"
"290800","102","19","8"
"291000","36","4","4"
"291200","85","12","10"
"291400","86","5","4"
"291600","72","2","1"
"291800","68","22","3"
"29200","33","3","2"
"292000","43","7","6"
"292200","95","28","13"
"292400","109","13","8"
"292800","123","17","12"
"293000","141","15","10"
"293200","120","13","5"
"293600","75","14","2"
"293800","49","6","2"
"294200","106","23","7"
"294600","68","6","4"
"294800","115","15","7"
"295000","88","7","4"
"295600","58","10","2"
"295800","88","30","16"
"29600","44","1",\N
"296200","56","4","3"
"296400","106","22","8"
"296600","64","5","5"
"296800","153","13","5"
"297000","34","3","2"
"297200","78","17","9"
"297600","43","11","4"
"298000","51","5","1"
"298200","18",\N,\N
"298400","65","8","6"
"298600","74","16","7"
"298800","128","28","14"
"299200","83","23","12"
"299400","54","7","5"
"299600","35","3","3"
"299800","30","3",\N
"3000","57","1","1"
"300200","44","10",\N
"300600","56","3","1"
"301000","85","18","15"
"301200","52","9","2"
"301600","20","2",\N
"30200","36",\N,\N
"302000","43","12","4"
"302400","32","6","3"
"302600","63","7","4"
"302800","59","10","3"
"303000","92","12","8"
"303200","46","7",\N
"303600","49","5",\N
"303800","73","9","4"
"30400","37","3","2"
"304200","59","7","5"
"304400","42","7","6"
"304600","59","12","3"
"304800","61","7","4"
"305000","47","10","5"
"305200","107","27","17"
"305400","102","35","25"
"305800","74","13","4"
"30600","90","12","3"
"306400","62","9","2"
"306800","80","12","5"
"307000","32","3","1"
"307400","126","19","5"
"307800","95","27","11"
"308200","28","2","2"
"308400","72","4","4"
"308600","65","8",\N
"308800","31","5","2"
"309000","111","17","3"
"309200","132","47","27"
"309600","34",\N,\N
"309800","41","11","8"
"310000","77","6",\N
"310200","44","10",\N
"310400","35","7","3"
"310600","96","21","6"
"310800","21","4","2"
"311000","28","4",\N
"311200","28","8","2"
"311400","146","43","14"
"312000","52","4","3"
"312200","98","28","17"
"312400","153","43","17"
"312600","47","11","3"
"313000","75","14","7"
"313200","60","13","4"
"313400","51","2",\N
"313800","66","12","8"
"314200","98","17","7"
"314400","68","8","4"
"314600","59","6",\N
"314800","24",\N,\N
"315200","56","2",\N
"315400","36","13",\N
"315600","89","9","5"
"315800","119","23","16"
"31600","39","1",\N
"316200","145","24","6"
"316400","43","5","4"
"316800","77",\N,\N
"317200","22","2",\N
"317400","52","3",\N
"317800","27",\N,\N
"31800","41","4","2"
"318000","128","27","10"
"318400","107","20","8"
"318600","120","13","2"
"318800","66","5","2"
"319000","71","12","3"
"319400","54","4","2"
"319600","44",\N,\N
"32000","48","2","1"
"320000","99","14","2"
"320200","54","6","6"
"320600","112","13","5"
"320800","91","16","2"
"321000","42","4",\N
"321200","69","6",\N
"321400","36","4","1"
"321600","95","14","4"
"32200","49","4","3"
"322000","74","12","6"
"322200","76","7","2"
"322400","68","6","1"
"322600","65","8","5"
"322800","125","17","9"
"323000","58","16","8"
"323200","78","8","2"
"323400","99","14","5"
"323800","13",\N,\N
"324200","49","7","2"
"324600","66","16","2"
"325000","72","16","3"
"325200","67","16","5"
"325400","72","13","6"
"325600","53","10","4"
"32600","27","1","1"
"326000","24","2","2"
"326800","59","9","4"
"327000","28","3","1"
"327200","51","7","6"
"327400","28",\N,\N
"327800","39","13","7"
"32800","44","19","2"
"328000","43","4",\N
"328400","73","17","10"
"329000","76","7","4"
"329600","39",\N,\N
"329800","35","4",\N
"33000","43","1","1"
"330000","88","6","2"
"330200","40","7","5"
"330400","73","6","2"
"330600","48","4","2"
"331200","29",\N,\N
"331400","45","16",\N
"331600","92","21","9"
"331800","62","6","5"
"33200","53","2","2"
"332200","75","18","1"
"332800","128","25","8"
"333200","89","19","11"
"333400","31","2",\N
"33400","37","3","1"
"334000","52","12","8"
"334400","36",\N,\N
"335000","31","4","2"
"335200","57","9","5"
"335400","48","3",\N
"335600","32","1",\N
"335800","108","27","6"
"33600","46","16",\N
"336000","82","4",\N
"336200","74","10",\N
"336600","66","12","7"
"336800","22","5","3"
"337000","58","24","8"
"337200","35","8",\N
"337400","31","2",\N
"33800","27",\N,\N
"338000","57","13","2"
"338200","50","18","7"
"338400","31","3","2"
"338800","131","25","11"
"339000","50","1",\N
"3400","41","1","1"
"34000","45","1","1"
"340000","53","15","10"
"340200","110","20","6"
"340400","14","1","1"
"340600","121","31","24"
"340800","60","9","4"
"341200","71","17","4"
"341600","57","7",\N
"341800","79","3",\N
"34200","38","21","19"
"342000","51","10","8"
"342200","25","2",\N
"342800","118","17","6"
"343000","69","1",\N
"343200","53","2",\N
"343400","95","16","6"
"343800","47","4","2"
"344000","74","7","3"
"344600","49","5",\N
"344800","66","12","3"
"345000","109","18","10"
"345200","40","10",\N
"345400","29","8","3"
"345600","136","34","20"
"345800","79","13","10"
"34600","50","1",\N
"346000","60","14","3"
"346200","135","41","22"
"346800","51","9",\N
"347000","85","11","2"
"347200","96","12","4"
"347400","98","21","11"
"347600","64","7","1"
"347800","47","5",\N
"34800","54","7","5"
"348000","46","6","2"
"348200","154","41","23"
"348600","79","8","4"
"349200","71","9","5"
"349400","93","6",\N
"349600","36","5","2"
"349800","85","24","13"
"35000","32","2","2"
"350000","30","1",\N
"350200","66","7","4"
"350400","30","2",\N
"350600","147","63","35"
"350800","47","1",\N
"351000","59","2",\N
"351200","47","7","1"
"351400","111","26","14"
"351600","123","27","15"
"351800","84","16","2"
"35200","43","8","4"
"352000","67","4",\N
"352200","58","19","12"
"352400","103","42","28"
"352600","63","12",\N
"352800","78","4","2"
"353200","58","2","2"
"353400","68","7","4"
"353600","36","3","2"
"353800","32",\N,\N
"354000","55","3","1"
"354200","41","4",\N
"354400","37","4",\N
"354600","56","7",\N
"355000","55","8",\N
"355400","101","14","9"
"355800","83","18","2"
"356000","53","2","1"
"356200","99","15","3"
"356400","55",\N,\N
"357000","32",\N,\N
"357200","91","18","8"
"357400","87","31","19"
"357800","51","6","6"
"35800","43","3","2"
"358000","73","11","5"
"358200","108","35","17"
"358400","69","12","6"
"358800","14","4","2"
"359200","97","12","4"
"359400","73","13","7"
"359600","65","15","8"
"359800","21",\N,\N
"36000","25",\N,\N
"360000","41","3",\N
"360200","31","3",\N
"360400","37","3",\N
"360800","24",\N,\N
"361000","48","4","4"
"361200","95","16","10"
"362000","70","6",\N
"362200","12","2",\N
"362400","22",\N,\N
"362800","54","2",\N
"363000","122","33","17"
"363200","131","35","15"
"363400","41","6","5"
"363600","55","11","2"
"363800","60","14","10"
"364000","36","2",\N
"364200","114","26","12"
"364400","31","4","2"
"364600","38","1",\N
"364800","54","2",\N
"365000","25","5","1"
"365200","54","13","6"
"365600","30",\N,\N
"365800","103","10","3"
"366200","31","6","2"
"366400","100","12","10"
"366600","62","16","4"
"367400","115","25","11"
"367600","113","20","18"
"367800","106","22","10"
"36800","57","1",\N
"368000","64","12","10"
"368200","107","27","12"
"368400","26","2","2"
"368800","85","18","2"
"369000","33","4",\N
"369200","83","33","20"
"369400","74","13","4"
"370000","42","1",\N
"370200","63","14","8"
"370600","157","35","23"
"370800","132","35","24"
"371000","72","9","3"
"371600","70","11",\N
"371800","47","9","2"
"37200","56","20","1"
"372000","70","6",\N
"372200","69","7","3"
"372400","79","18","10"
"372600","119","34","9"
"372800","107","20","6"
"373000","94","22","11"
"373200","123","22","10"
"373600","24","3","2"
"373800","130","17","6"
"374000","69","15","7"
"374200","97","16","8"
"374400","68","4","2"
"374600","97","13","3"
"374800","44","7","5"
"375000","123","27","16"
"375400","40",\N,\N
"375600","76","9","2"
"375800","51","4",\N
"376000","18","3","1"
"376200","14",\N,\N
"376600","72","21","4"
"376800","53","4",\N
"377200","103","28","22"
"377600","85","6",\N
"37800","52","3","1"
"378000","26","4",\N
"378200","74","8","3"
"378600","66","11","1"
"378800","24",\N,\N
"379000","62","5","1"
"379200","98","11","3"
"379400","35","2",\N
"379600","80","12","3"
"379800","72",\N,\N
"3800","38",\N,\N
"380000","42","7","3"
"380200","23",\N,\N
"380400","76","16","10"
"380600","91","11","5"
"380800","67","16","2"
"381000","32",\N,\N
"381400","41",\N,\N
"381600","57","4","4"
"381800","49","2","2"
"38200","24",\N,\N
"382000","38","3",\N
"382200","76","5","3"
"382600","92","9",\N
"382800","57","1",\N
"383000","91","9","2"
"383200","47","4","2"
"383400","80","18","4"
"383600","162","33","11"
"383800","42","4",\N
"384000","31","10","8"
"384600","56","15",\N
"384800","117","19","5"
"385000","72","14","2"
"385200","55","6","4"
"385400","66","1",\N
"385600","53","3",\N
"385800","68","17","8"
"38600","51","5","4"
"386000","99","8","5"
"386200","134","32","17"
"386400","62","18","16"
"386800","23","4",\N
"387000","49","3","2"
"387400","78","10","2"
"387600","61","4",\N
"38800","44","3","3"
"388400","39","2","2"
"388800","22",\N,\N
"389200","43","5","1"
"389800","27",\N,\N
"390000","71","18","8"
"390200","21",\N,\N
"390400","48","4",\N
"390600","36","1",\N
"390800","30",\N,\N
"391000","80","11","5"
"391200","47","4",\N
"391400","4",\N,\N
"391600","35",\N,\N
"391800","61","17","8"
"392000","80","16","4"
"392200","47","2",\N
"392400","46","12","7"
"392800","29","1",\N
"393200","27","4","4"
"393400","20",\N,\N
"393800","13",\N,\N
"394200","64","7","5"
"394600","51","2",\N
"394800","41","7",\N
"395000","40","7","4"
"395200","84","10","5"
"395600","137","18","4"
"395800","75","10","4"
"39600","58","19","2"
"396000","123","20","7"
"396200","9",\N,\N
"396600","49","10","2"
"396800","41","2","2"
"397200","80","25","10"
"397600","40","12","4"
"397800","72","27","9"
"398000","49","6","5"
"398200","64","8",\N
"398600","105","22","6"
"398800","49","8","3"
"399000","64","18","10"
"399400","40","3",\N
"399800","81","12","4"
"400","46","5","5"
"4000","27","7","4"
"400000","98","10","5"
"400200","127","31","11"
"400400","85","14","5"
"400800","59","8","7"
"401000","60","10","3"
"401400","147","14","8"
"401600","59","9","9"
"401800","40","1",\N
"40200","39","3","3"
"402000","59","8","4"
"402200","35","4","4"
"402400","163","24","12"
"402600","60","6",\N
"402800","43","1",\N
"403200","113","23","12"
"403600","91","29","23"
"403800","52","8",\N
"40400","55","1","1"
"404000","83","6",\N
"404200","80","12","3"
"404600","161","51","27"
"404800","61","6",\N
"405200","54","3","2"
"405600","23","4","2"
"405800","103","18","12"
"406200","68","3","2"
"406400","79","18","4"
"406600","107","19","6"
"406800","76","13","6"
"407200","51","12","6"
"407400","27",\N,\N
"407600","117","29","14"
"407800","87","14","10"
"40800","63","2",\N
"408000","82","8","3"
"408200","58","8","2"
"408600","44","8","1"
"408800","169","45","19"
"409000","139","31","17"
"409200","72","16","8"
"409400","69","2","1"
"409600","102","14","6"
"409800","67","5","3"
"41000","45","3",\N
"410000","105","8","6"
"410200","78","15","5"
"410800","67","3","1"
"411200","33","4","4"
"411600","109","35","16"
"411800","71","11","5"
"41200","64","29","7"
"412000","18",\N,\N
"412200","38",\N,\N
"412400","72","10","5"
"412600","99","11","4"
"412800","47","7","3"
"413200","115","24","14"
"413400","78","16","9"
"413600","80","6","2"
"413800","80","12","9"
"41400","49","1","1"
"414000","74","24","17"
"414200","106","8","1"
"414400","69","9",\N
"414800","49","6","2"
"415200","38",\N,\N
"415400","130","23","3"
"415600","72","12","6"
"415800","54","6","2"
"41600","33","2","1"
"416000","70","14","4"
"416600","46","10","6"
"416800","58","6","4"
"417200","71","6","5"
"417400","75","9","6"
"417800","70","6","2"
"41800","41","20","3"
"418000","30","1","1"
"418200","89","23","5"
"418400","158","64","24"
"418600","81","18","8"
"419000","106","28","11"
"419200","131","17","2"
"419400","117","17","7"
"419600","135","24","10"
"419800","137","20","10"
"4200","51","24","5"
"420200","112","29","6"
"420400","139","48","37"
"420600","75","15","5"
"421000","45","7","2"
"421200","109","11","4"
"421400","81","10","2"
"421600","99","22","9"
"421800","48","2","2"
"422000","20",\N,\N
"422400","51","11","9"
"422600","88","14","3"
"423000","10",\N,\N
"423200","41","2",\N
"423400","79","22","14"
"42400","54","2",\N
"424000","48","5","3"
"424400","77","22","20"
"424600","103","20","5"
"425000","67","8","6"
"425800","105","25","11"
"426000","84","15","11"
"426400","39","2","1"
"426600","146","23","9"
"427000","30","1",\N
"427200","71","12","3"
"427600","74","5","3"
"427800","68","1","1"
"42800","87","23",\N
"428000","44",\N,\N
"428200","142","57","30"
"428400","50","3",\N
"428800","58","13","11"
"429000","99","15","3"
"429200","79","29","23"
"429400","77","10",\N
"429800","63","18","6"
"43000","45","2","1"
"430000","132","26","3"
"430200","46","6","3"
"430800","49","9","5"
"431200","72","13","2"
"431400","87","25","9"
"431600","25","1","1"
"431800","52","4",\N
"43200","38","20","2"
"432000","44","21","8"
"432200","62","4",\N
"432400","64","8","2"
"432800","43","8",\N
"433200","102","28","12"
"433800","104","16","8"
"43400","32","1","1"
"434000","107","16","3"
"434200","53","4","1"
"434800","65","4",\N
"435200","39","2",\N
"435400","56","7",\N
"435600","121","30","14"
"435800","105","6","3"
"43600","54","7","1"
"436000","49","8","2"
"436200","44","9","7"
"436400","93","5",\N
"436600","98","17","5"
"436800","54","12",\N
"437200","79","28","20"
"437600","79","9","7"
"437800","72","15","6"
"438000","105","22","8"
"438400","78","7","6"
"438600","136","17","6"
"439000","88","9","1"
"439200","110","11","8"
"439600","82","10","4"
"439800","47",\N,\N
"4400","53","1","1"
"44000","27","2","1"
"440000","73","6","2"
"440200","88","5","1"
"440400","75","4",\N
"440600","6",\N,\N
"440800","53","8","1"
"441000","37","7","6"
"442000","96","28","15"
"442200","47","2","2"
"442400","52","3","3"
"442600","125","23","7"
"442800","56","4","1"
"443000","70","11","2"
"443200","93","10","5"
"443600","133","44","22"
"444000","89","14","8"
"444200","70","7","6"
"444400","87","11","7"
"444600","40","5","2"
"444800","89","25","6"
"445000","77","14","8"
"445400","58","9","3"
"445600","63","11","6"
"445800","52","5","3"
"44600","38","17","1"
"446200","30",\N,\N
"446400","94","2",\N
"446600","33",\N,\N
"446800","59","10","3"
"447000","38","10","6"
"447600","59","4","1"
"447800","52","2",\N
"448000","36","10","3"
"448200","103","24","17"
"448600","46","10","2"
"448800","67","8","2"
"449000","22",\N,\N
"449200","75","13","4"
"449800","137","24","13"
"45000","40","1","1"
"450000","152","39","16"
"450400","131","24","13"
"450600","71","6","4"
"450800","110","15","4"
"451000","38","2","2"
"451200","34",\N,\N
"451400","85","21","15"
"451600","52","14","14"
"451800","134","17","6"
"45200","57","2",\N
"452400","42","13","9"
"452600","48","4","3"
"452800","72","16","4"
"453400","49","2","2"
"453600","82","1","1"
"45400","54","7","3"
"454000","87","4",\N
"454200","59","19","12"
"454400","43","2",\N
"454600","98","22","12"
"454800","67","20","9"
"455000","28","7",\N
"455200","42","6","4"
"455400","75","6","2"
"455600","70","13","1"
"455800","59","15","7"
"45600","51","2","2"
"456000","58","8","4"
"456400","101","18","5"
"456600","46","3","1"
"456800","15","3","3"
"457000","19",\N,\N
"457200","84","14","3"
"457400","43",\N,\N
"457600","49","10","6"
"457800","100","7","6"
"45800","55",\N,\N
"458000","98","14","1"
"458200","67","6",\N
"458400","22","2",\N
"458600","51","6","4"
"459000","41","12","1"
"459200","58","6",\N
"459400","133","46","23"
"459600","76","4","4"
"459800","92","28","18"
"4600","23","1",\N
"46000","61","6","4"
"460200","115","16","3"
"460800","83","10","5"
"461000","52","5","2"
"461200","39","6","4"
"462000","123","13","9"
"462200","51","4","1"
"462400","48","6","1"
"462600","87","24","15"
"462800","89","6","1"
"463000","64","15","11"
"463200","70","19","10"
"463600","88","1","1"
"463800","55","2",\N
"46400","55","5","2"
"464200","106","17","9"
"464400","24","5","3"
"465200","30","5",\N
"465400","74","11","4"
"465600","105","4","2"
"465800","56","5",\N
"466000","86","18","9"
"466200","36","2","2"
"467000","98","6","6"
"467400","46","2",\N
"467600","98","19","8"
"467800","85","14","4"
"46800","71","23","1"
"468200","87","15","5"
"468400","49","9","2"
"468800","31","12","4"
"469000","60","9","3"
"469200","31","2",\N
"469400","170","47","25"
"469600","105","27","15"
"469800","19","1",\N
"470000","138","28","5"
"470400","33","4",\N
"470600","50","2",\N
"470800","70","6","6"
"471000","100","46","30"
"471400","125","17","4"
"471800","28",\N,\N
"47200","56","24","7"
"472000","50","4","1"
"472200","37","2",\N
"472400","37","2",\N
"472600","113","11",\N
"472800","41","12","3"
"473000","98","25","11"
"473200","69","21","17"
"473400","58","5",\N
"473600","61","12","9"
"473800","20",\N,\N
"47400","54","20","1"
"474000","105","20","9"
"474200","110","18","4"
"474600","45","6","3"
"474800","11","1",\N
"475000","117","16","2"
"475600","69","6",\N
"47600","44","2","1"
"476000","69","13","1"
"476200","49","12","3"
"476600","70","12","12"
"476800","57","6",\N
"477000","46","2",\N
"477200","69","6",\N
"477800","20","7","5"
"47800","45","2",\N
"478000","67","18","6"
"478200","65","4","4"
"478400","90","24","13"
"478600","86","7",\N
"478800","42","4",\N
"479200","118","31","19"
"479400","49","7",\N
"4800","54","23","20"
"48000","84","21","12"
"480000","30","3",\N
"480200","77","12","8"
"480600","115","18","8"
"481000","51","6","2"
"481200","62","13","6"
"481400","103","16","6"
"481600","43","6","1"
"481800","67","10","6"
"482000","53",\N,\N
"482200","137","37","19"
"482400","94","24","8"
"483000","57","12","2"
"483200","96","20","8"
"483400","55","2",\N
"483600","36","2","2"
"48400","56","17",\N
"484000","53","2",\N
"484200","27","7","5"
"484400","68","1","1"
"484600","113","43","17"
"484800","40","2","1"
"485000","65","7","4"
"485200","19","3",\N
"485400","148","25","18"
"485600","28",\N,\N
"485800","61","2",\N
"48600","73","21",\N
"486000","35","6","6"
"486200","34",\N,\N
"486600","65","22","12"
"487000","22",\N,\N
"487200","33",\N,\N
"487600","32","6","4"
"48800","45","10",\N
"488400","54","3","1"
"488600","86","10","10"
"489000","55","3","2"
"489200","57","5","1"
"489600","49","3","2"
"489800","107","10","8"
"490000","42","5","3"
"490200","73","16","7"
"490400","55","7","2"
"490600","49","2","2"
"490800","63","5",\N
"491000","9",\N,\N
"491600","41","6","2"
"491800","142","34","14"
"49200","46","1","1"
"492000","53","7","3"
"492200","46","6","1"
"492400","106","7","3"
"492600","47","2","1"
"492800","59","11","4"
"493000","77","12","5"
"493400","43","10","1"
"493600","34","1",\N
"493800","77","11","4"
"49400","48","4",\N
"494000","85","9","4"
"494200","51","4","2"
"494400","37",\N,\N
"494600","49","6",\N
"494800","43","6","2"
"495000","44","5","3"
"495200","41","2","2"
"495400","42","3","2"
"495600","16","2",\N
"49600","52","17","16"
"496400","170","69","46"
"496600","79","18","4"
"497000","54","7",\N
"497200","30","3","2"
"497600","27","2","1"
"49800","62","2","1"
"498000","48","4",\N
"498600","54","5","4"
"498800","43","3","1"
"499200","54","20","16"
"499600","39","5","3"
"50000","43","18","17"
"500000","60","31","23"
"500200","109","23","13"
"500400","119","29","3"
"501000","49","3","3"
"501200","93","8","5"
"501400","45","4","4"
"501600","45",\N,\N
"501800","42","3","2"
"502000","113","21","6"
"502200","69","7","3"
"502400","49","8","3"
"502600","79","5","2"
"502800","41","6","2"
"503000","100","29","5"
"503200","87","10",\N
"503600","93","15","8"
"503800","57","13","4"
"50400","55","18","17"
"504000","65","33","20"
"504200","68","17","7"
"504400","99","14","8"
"504600","78","10","2"
"504800","77","4","1"
"505200","72","10","6"
"505400","118","15","8"
"505600","81","18","6"
"505800","97","28","14"
"50600","43","3","2"
"506000","94","25","13"
"506400","32",\N,\N
"506600","67","19","9"
"506800","32","10","3"
"507200","43","7","2"
"507600","51","13","5"
"507800","73","5","3"
"50800","54","1",\N
"508000","41","6","2"
"508400","79","10","1"
"508600","117","33","10"
"508800","47","10","3"
"509000","74","11","5"
"509400","67","11","5"
"509600","77","7","2"
"509800","55","7","2"
"51000","46","1","1"
"510000","85","17","5"
"510200","47","1",\N
"510400","41","5",\N
"511200","21","2",\N
"511600","62","8","3"
"51200","99",\N,\N
"512000","60","8","4"
"512400","113","8","5"
"512600","44","8","6"
"512800","65","15","4"
"513200","61","2",\N
"513600","56","4","4"
"513800","62","10","6"
"51400","54","1",\N
"514000","107","18",\N
"514200","61","4","3"
"514400","108","17","2"
"514600","38",\N,\N
"515000","71","10",\N
"515600","76","10","7"
"515800","31","3",\N
"516200","6",\N,\N
"516600","76","11","3"
"516800","41","5","3"
"517000","45","13","2"
"517200","24",\N,\N
"517400","39","6","2"
"517600","68","5",\N
"517800","111","11","2"
"51800","50","1",\N
"518200","126","28","9"
"518600","105","30","8"
"518800","86","5",\N
"519000","66","6","2"
"519200","64","8",\N
"519400","92","24","9"
"519600","30","4","4"
"519800","65","9","3"
"5200","83","27","11"
"52000","56","1",\N
"520200","27","4",\N
"520400","78","15","11"
"521000","109","21","12"
"521200","112","10","3"
"521400","67","5","2"
"521600","79","29","17"
"52200","50","18","17"
"522000","151","34","15"
"522200","108","15","11"
"522400","98","11","1"
"522800","64","6","1"
"523000","74","17","4"
"523200","89","27","15"
"523400","73","28","18"
"523600","52","12","4"
"523800","85","12","2"
"52400","44","3","2"
"524000","167","25","11"
"524400","37","2",\N
"524600","75","15","6"
"524800","97","16","4"
"525000","134","33","24"
"525400","80","8","8"
"525800","19",\N,\N
"52600","30","16","16"
"526000","97","32","12"
"526200","81","11","10"
"526600","34","2",\N
"527200","123","10",\N
"527600","95","17","12"
"52800","42","1","1"
"528200","64","4",\N
"528400","104","21","8"
"528600","166","35","12"
"528800","64","6","1"
"529000","178","40","20"
"529200","90","29","15"
"529400","64","6","1"
"529600","45","4",\N
"529800","67","18","3"
"53000","36","2","1"
"530000","119","13","1"
"530400","82","9","4"
"530600","77","13","4"
"531200","11","2",\N
"531400","84","8","1"
"531600","68","9","3"
"531800","11","1",\N
"53200","58","7","6"
"532000","145","52","22"
"532600","85","17","6"
"532800","84","8","6"
"533200","90","2",\N
"53400","32","3","1"
"534000","130","35","23"
"534200","19","6","4"
"534600","37",\N,\N
"534800","62","8","6"
"535200","119","17","7"
"535400","44","2",\N
"535800","35",\N,\N
"53600","58",\N,\N
"536000","64","16","4"
"536400","98","14",\N
"536600","34","6","4"
"536800","50","6","4"
"537000","85","15","9"
"537400","112","12",\N
"537600","65","6","2"
"537800","26",\N,\N
"538000","39","7","5"
"538200","72","3",\N
"538800","69","13","1"
"539000","54","12","6"
"539200","52","10","3"
"539400","47","5","3"
"539600","116","6","4"
"5400","60","18","16"
"54000","53","8","7"
"540400","72","16","5"
"540600","126","31","18"
"540800","108","25","5"
"541000","59","7","2"
"541200","112","21","13"
"541400","87","10","5"
"541600","110","28","7"
"541800","114","26","10"
"54200","47","18","16"
"542200","80","11","4"
"542400","36","5",\N
"542600","74","10","5"
"542800","73","4","3"
"543000","72","15","5"
"543200","82","19","9"
"543600","57","6","3"
"543800","67","6","2"
"544000","19","2",\N
"544200","36",\N,\N
"544400","44","10","2"
"544600","58","8","2"
"545000","50","5","1"
"545200","152","49","28"
"545400","80","6","4"
"545600","69","17","11"
"545800","85","6",\N
"54600","46","2","1"
"546000","36",\N,\N
"546200","31",\N,\N
"546600","85","9","1"
"546800","54",\N,\N
"547000","49","4","2"
"547200","125","45","29"
"547400","63",\N,\N
"547600","70","9",\N
"547800","92","19","13"
"54800","45","8","3"
"548200","138","23","11"
"548400","75","11","7"
"548800","68","3","2"
"549000","90","13","5"
"549400","92","14","4"
"549600","101","24","8"
"549800","94","29","12"
"55000","42","17","1"
"550000","89","16","8"
"550200","121","9","2"
"550400","50","8","2"
"550600","110","26","15"
"550800","72",\N,\N
"551000","37",\N,\N
"551200","59","2",\N
"551400","47","8","8"
"55200","29","1","1"
"552000","10",\N,\N
"552200","38","3","1"
"552400","74","13","10"
"552600","57","5","1"
"552800","72","9","3"
"553000","66","19","10"
"553200","107","3","2"
"553400","84","11","1"
"553600","107","27","20"
"553800","65","8","3"
"55400","34","3",\N
"554000","66","11","4"
"554200","79",\N,\N
"554600","60","9","7"
"555000","70","11","2"
"555200","138","42","27"
"555400","85","24","13"
"555800","50","4",\N
"55600","56","19","1"
"556000","54","4","1"
"556200","42","3",\N
"556400","53","9","3"
"556800","32","2",\N
"557000","47","8","1"
"557600","199","55","34"
"557800","60","1",\N
"55800","36","22","18"
"558000","125","29","10"
"558200","42","1",\N
"558400","84","7","6"
"558600","84","8","7"
"558800","86","10","7"
"559000","123","21","8"
"559600","144","28","7"
"559800","67","14","6"
"5600","84","4","1"
"56000","40","2",\N
"560200","58","10","4"
"560400","102","42","36"
"560600","69","9","4"
"560800","31","6","3"
"561000","33",\N,\N
"561200","26","3","1"
"561600","94","28","18"
"561800","59","15","8"
"56200","70","10","3"
"562000","81","33","30"
"562400","64","5",\N
"563000","114","20","7"
"563200","88","22","10"
"563400","51",\N,\N
"563600","88","36","21"
"563800","37",\N,\N
"56400","53","3","2"
"564200","76","17","11"
"564600","101","31","20"
"564800","92","18","8"
"565000","40",\N,\N
"565200","18","3",\N
"565400","86","15","14"
"565800","94","27","13"
"56600","41","2","1"
"566000","32","1",\N
"566400","69","15","5"
"566600","16",\N,\N
"566800","83","2",\N
"567400","78","25","5"
"567600","121","17","8"
"568200","109","40","21"
"568400","133","36","21"
"568800","34","3","1"
"569000","89","8","6"
"569400","117","20","7"
"569800","93","11","3"
"570000","84","11","7"
"570200","134","33","10"
"570400","58","5","2"
"570800","76","9","2"
"571200","55","7","4"
"571400","71","9",\N
"571600","93","8","6"
"571800","74","11","9"
"572000","90","12","7"
"572200","65","5","1"
"572400","91","19","8"
"572600","26",\N,\N
"573200","92","15","7"
"573400","53","2","2"
"573600","65","10","1"
"57400","46","2","1"
"574000","67","5","2"
"574200","80","14","10"
"574600","141","20","6"
"576000","28","3","1"
"576600","34","7","2"
"576800","13",\N,\N
"577000","55","8","5"
"577600","87","26","15"
"577800","24",\N,\N
"57800","47","6","2"
"578000","46",\N,\N
"578200","76","12","1"
"578400","86","22","5"
"579000","37","5","2"
"579200","79","5","3"
"579400","46","3","3"
"579800","33","3","3"
"5800","58","17","1"
"58000","39","4","3"
"580000","81","13","2"
"580200","44","5","1"
"580400","39",\N,\N
"580600","58","13","2"
"581000","91","16","11"
"581200","36","8","6"
"581400","8",\N,\N
"581800","30","2","2"
"58200","51","4","3"
"582000","67","28","5"
"582200","34","9","6"
"582400","60","34","30"
"582600","81","27","16"
"582800","90","6","6"
"583000","34","6","4"
"583200","79","17","8"
"583600","28","4","2"
"583800","14",\N,\N
"58400","41",\N,\N
"584000","19",\N,\N
"584200","17","4","1"
"584400","30",\N,\N
"584800","17","11","5"
"585200","37","4",\N
"585400","50","26","17"
"585600","6",\N,\N
"58600","49","3","3"
"586000","68","9","4"
"586400","13","1",\N
"586600","54",\N,\N
"586800","36","5","4"
"587200","45","7","1"
"587400","47","8",\N
"588000","71","23","10"
"588200","34","1",\N
"588400","104","22","7"
"588600","48","10","8"
"588800","53",\N,\N
"589000","50","14","5"
"589200","31","5","2"
"589400","56","12","2"
"589600","19","4","3"
"589800","38","8","3"
"59000","31","17","16"
"590400","50","8","3"
"590600","58","13","5"
"590800","11","2",\N
"591000","101","22","12"
"591200","20",\N,\N
"591600","71","17","10"
"591800","39",\N,\N
"59200","38","2","1"
"592000","34","3","1"
"592200","53","9","1"
"592400","44","8","4"
"593000","53","4",\N
"593200","39","2",\N
"593400","18",\N,\N
"593600","24","1",\N
"593800","58","7","2"
"59400","33","1","1"
"594000","44","11","4"
"594200","30","1",\N
"594600","47","7","4"
"595400","61",\N,\N
"595600","40","7","2"
"596000","76","14","1"
"596200","59","4","3"
"596400","60","2","1"
"596600","52","5","1"
"597000","69","2","1"
"597400","20","8",\N
"597600","49","20","18"
"597800","25",\N,\N
"59800","48","2","1"
"598000","57","8",\N
"598200","44","1","1"
"598400","55","17",\N
"598600","30","4","2"
"599000","35","5",\N
"599200","114","40","18"
"599400","38","7","2"
"599600","14","3","2"
"599800","41","6","3"
"600","44","2","2"
"60000","29","4","3"
"600000","72","3","1"
"600200","35",\N,\N
"600400","56","12","2"
"600600","18","2","1"
"600800","51","18","3"
"601000","31","18","2"
"601200","43","1",\N
"601400","63","15","10"
"60200","46","20","20"
"602000","65","9","4"
"602400","32","18",\N
"602600","49","19","19"
"602800","33","5","1"
"603000","46","6","3"
"603200","11","5","2"
"603400","26","3",\N
"60400","51","3","1"
"604200","63","9","8"
"604400","82","24","6"
"604600","29","2",\N
"605200","58","23","5"
"605400","53","1",\N
"605600","100","39","17"
"60600","52","3","1"
"606000","48",\N,\N
"606200","103","30","15"
"606400","61","5","1"
"606600","29","4","3"
"607000","127","18","7"
"607200","74","15","7"
"607400","46","12","11"
"607600","47","20",\N
"60800","66","9",\N
"608000","45","4","3"
"608400","41","2",\N
"608600","171","48","28"
"608800","28","1",\N
"609000","30","5","5"
"609200","27",\N,\N
"609400","18","2",\N
"609800","78","10","3"
"61000","53","10","4"
"610200","33","9","7"
"610400","24","2","2"
"610600","61","8","3"
"611000","128","37","12"
"611200","21","1",\N
"611400","34","3","2"
"611600","51","11","6"
"611800","141","44","26"
"61200","75","7","2"
"612200","157","46","29"
"612400","138","49","21"
"612600","109","28","20"
"612800","68","23","18"
"613000","142","57","30"
"613200","107","14","2"
"613600","152","37","26"
"613800","112","28","18"
"61400","61","16","16"
"614000","26",\N,\N
"614400","23","1","1"
"614800","104","7",\N
"615000","17","2","1"
"615200","80","25","12"
"615400","39","19","17"
"615600","103","28","8"
"615800","93","9","2"
"61600","53","10","8"
"616000","25","4","4"
"616200","77","41","19"
"616400","32","2",\N
"616600","33","17","16"
"616800","43","4","3"
"617000","13","3","2"
"617400","64","30","18"
"617600","104","26","7"
"617800","41","5","2"
"618000","44","10","1"
"618200","47","1",\N
"618400","42",\N,\N
"618800","56","13","7"
"619000","73","18","10"
"619200","67","21","16"
"619600","42","8","3"
"619800","49","17",\N
"6200","52","12","4"
"62000","214","26","14"
"620000","33","4","2"
"620200","25","1",\N
"620400","6","2","2"
"620600","104","29","17"
"620800","81","6",\N
"621000","92","31","4"
"621400","30","5","1"
"621600","19",\N,\N
"621800","70","32","11"
"62200","14","1",\N
"622000","30","7","4"
"622200","74","25","10"
"622400","58",\N,\N
"622600","62","2",\N
"622800","14","1",\N
"623000","59","7","3"
"623200","75","34","9"
"623400","98","11","4"
"623600","58","20","2"
"623800","26","1","1"
"62400","33","19","1"
"624000","44","2","2"
"624200","99","15","1"
"624800","162","38","20"
"625000","48","4","3"
"625600","82","20","8"
"625800","24","9","2"
"626200","22","8","4"
"626400","91","35","22"
"626600","99","17","8"
"627200","96","32","8"
"627400","58","12","8"
"627600","94","46","31"
"62800","39","3","2"
"628000","104","30","20"
"628200","77","15","4"
"628400","8",\N,\N
"628600","46","4",\N
"628800","32","5","2"
"629000","32","5",\N
"629400","56",\N,\N
"629600","80","13","9"
"63000","41","21","2"
"630000","68","19",\N
"630200","68","16","16"
"630400","96","41","16"
"630600","152","50","27"
"630800","66","11","4"
"631200","35","1",\N
"631400","71","2","1"
"631600","104","37","19"
"631800","98","22","18"
"63200","21","1","1"
"632000","43","9","3"
"632200","51","1","1"
"632600","57","6","2"
"632800","60","15","4"
"633000","61","12","4"
"633200","21","8","5"
"633400","33","1",\N
"633600","79","10","4"
"63400","73","20","1"
"634200","41","4","2"
"634400","18","3","2"
"634800","48","9","8"
"635000","46","5","2"
"635400","51","18","2"
"635600","108","3",\N
"63600","52","3","2"
"636000","22","1","1"
"636200","112","30","14"
"636600","21","2","2"
"636800","52",\N,\N
"637200","46","6","4"
"637400","35","5","3"
"637600","55","11","9"
"637800","93","40","24"
"63800","53","4","3"
"638200","85","16","10"
"638600","43","4","4"
"638800","38",\N,\N
"639000","32","6","4"
"639200","72","13",\N
"6400","37","17","16"
"64000","39","2","1"
"640000","90","13","9"
"640200","88","7","1"
"640400","62",\N,\N
"641000","47","8",\N
"641200","17","5","2"
"641400","68","6","1"
"641600","68","6","1"
"641800","30","4","3"
"64200","33","2",\N
"642000","64","8","1"
"642200","20","2","1"
"642600","54","20","11"
"643000","32","18","16"
"643600","22","1",\N
"643800","70","17","4"
"64400","47","5","3"
"644000","24","6","1"
"644200","38","4","2"
"644400","60","1",\N
"644800","16","1","1"
"645600","56","11","4"
"645800","43","8","4"
"64600","27","18","18"
"646000","69","9","8"
"646200","87","23","7"
"646400","73","11","4"
"646600","50","8","1"
"646800","81","23","20"
"647200","68","14","8"
"647400","113","22","17"
"647600","60","23","11"
"647800","21",\N,\N
"64800","61","4","1"
"648600","98","35","13"
"649000","66","11","1"
"649200","45",\N,\N
"649600","41","11","3"
"649800","20","3","2"
"650000","34","2","1"
"650200","21","5","5"
"650400","34","17","16"
"650600","33","16",\N
"650800","42","2",\N
"651000","32","5","1"
"651200","35","1","1"
"651400","112","17","11"
"651800","43","1","1"
"65200","53","1",\N
"652000","86","13","9"
"652200","21","3","3"
"652400","25","6","4"
"652600","37","3","1"
"652800","75","20","4"
"653000","19","5","3"
"653200","96","22","20"
"653400","65","7",\N
"653600","42","6",\N
"654000","42","5",\N
"654200","45","1",\N
"654400","60","10","2"
"654600","64","12","6"
"654800","48","2","2"
"655000","30",\N,\N
"655200","58","1","1"
"655400","17","7","7"
"655600","63","2","1"
"655800","25","5","5"
"65600","49","6","1"
"656000","61","1",\N
"656400","27","2","2"
"656800","61","2",\N
"657000","57","2","1"
"657200","86","17","9"
"657400","48","4","4"
"657800","110","38","25"
"658000","42","3",\N
"658200","39",\N,\N
"658600","51","6","4"
"659000","66","19","6"
"659200","98","20","6"
"659400","20",\N,\N
"659600","60","29","24"
"659800","47","5","4"
"66000","40","3","1"
"660000","42","6","2"
"660200","76","13","5"
"660400","61","9","5"
"660800","75","16",\N
"661000","113","23","6"
"661200","51","12","8"
"661400","107","26","16"
"661800","72",\N,\N
"66200","46","4","2"
"662000","12",\N,\N
"662200","62","3","2"
"662400","112","28","5"
"662800","71","13",\N
"663000","91","14","6"
"663200","36","2",\N
"663400","48","3","2"
"663600","92","12","2"
"663800","11","4","4"
"66400","65","7","5"
"664000","66","4",\N
"664200","110","16","7"
"664400","38","3",\N
"664600","83","15","2"
"664800","131","43","17"
"665000","70","7",\N
"665400","53","8","5"
"665600","60","2","2"
"665800","54","1",\N
"66600","42","8","3"
"666000","67","8","4"
"666200","85","8","3"
"666600","133","25","10"
"667000","54","8",\N
"667200","104","21","11"
"667400","48","7",\N
"667800","85","7","3"
"66800","47","1","1"
"668200","32","3",\N
"668400","49","7","1"
"668600","10",\N,\N
"668800","131","31","21"
"669600","87","4","4"
"67000","32","5",\N
"670000","67","11","5"
"670200","72","4","1"
"670400","51","5","1"
"670600","52","6","2"
"671000","84","8",\N
"671200","127","11","5"
"671600","69","3","1"
"671800","159","33","24"
"67200","82","7","1"
"672000","63","10","2"
"672200","68",\N,\N
"672400","105","21","11"
"672600","31","4","1"
"672800","86","11","6"
"673000","109","11",\N
"673200","65","11","2"
"673400","92","21","6"
"673600","98","8","6"
"673800","90","15","9"
"674000","23",\N,\N
"674200","124","24","11"
"674400","35","2","2"
"674600","57","2","2"
"674800","48","6",\N
"675000","46","18","15"
"675200","95","14","5"
"675600","62","8","2"
"675800","87","4",\N
"67600","36","1","1"
"676200","61","7","1"
"676400","109","9","5"
"676600","103","14","10"
"676800","39","2","2"
"677000","62","9","2"
"677200","66","14","7"
"677400","92","15","9"
"677800","127","9","1"
"67800","51","5",\N
"678200","66","11","5"
"678400","80","4",\N
"678600","24","2",\N
"678800","65","5","4"
"679000","103","23","8"
"679200","84","12","3"
"679400","30","2",\N
"679600","113","31","14"
"679800","92","21","9"
"6800","38","2",\N
"680000","78","15","3"
"680200","84","24","20"
"680400","69","6","6"
"680600","57","11","3"
"680800","44","4",\N
"681000","16","4",\N
"681200","69","28","14"
"681800","65","10","4"
"68200","45","1","1"
"682000","23","1","1"
"682200","79","12","8"
"682400","85","18","1"
"682600","55","1",\N
"682800","92","20","9"
"683200","83","11","2"
"683400","131","31","16"
"683600","96","11","8"
"683800","47","2","2"
"68400","54","5","1"
"684000","60","8","3"
"684200","86","10","2"
"684400","118","24","12"
"684600","82","11","1"
"684800","99","13","3"
"685000","15","3",\N
"685200","51","11","4"
"685400","40","1",\N
"685600","68","11",\N
"685800","53","6","1"
"68600","53","2","2"
"686000","67","13","3"
"686200","72","7","1"
"686400","91","14",\N
"686600","58","7","4"
"687200","52","2","1"
"687400","50","5",\N
"687600","70","17","2"
"687800","77","8","5"
"68800","88","31","3"
"688000","96","11",\N
"688200","90","9","2"
"688600","56","12","4"
"688800","51","7","5"
"689000","18",\N,\N
"689400","51","1",\N
"689800","52","5","2"
"69000","36","4","2"
"690000","83","19","7"
"690200","28","8","4"
"690400","36","2","2"
"690600","46","2",\N
"690800","67","20","4"
"691000","132","26","15"
"691600","36","3","1"
"691800","55","5","3"
"69200","42","3","3"
"692000","54","6","4"
"692400","81","22","14"
"692800","85","29","15"
"693000","129","40","21"
"693200","49","13","8"
"693400","137","37","20"
"69400","40","18","1"
"694000","46","8","2"
"694200","101","17","9"
"694400","42","2","2"
"694600","38","1","1"
"695000","139","36","14"
"695200","28","2","2"
"695600","61","4",\N
"695800","90","24","17"
"69600","39","1",\N
"696000","34","9","5"
"696200","86","18","11"
"696400","34",\N,\N
"696600","61","5","1"
"696800","97","22","13"
"697000","56","12","4"
"697200","24","1",\N
"697400","86","5","1"
"69800","42","1","1"
"698200","75","15","4"
"698400","71","10","1"
"698600","20","1",\N
"698800","61",\N,\N
"699000","147","23","9"
"699200","42",\N,\N
"699400","21","2",\N
"699600","43","1","1"
"699800","62","21","8"
"700000","135","17","2"
"700200","45","6","3"
"700400","106","22","4"
"700800","116","21","13"
"701000","71","2","2"
"701200","83","7","2"
"701400","92","20","7"
"701800","48",\N,\N
"70200","47","15","5"
"702000","122","30","23"
"702200","38","12",\N
"702600","58","8","3"
"702800","103","49","16"
"703000","57","11","3"
"703200","87","12","1"
"703400","88","21","13"
"703600","74","4","1"
"70400","77","6","6"
"704000","86","31","27"
"704400","61","19","9"
"704600","88","11","7"
"704800","49","4",\N
"705200","80","6","2"
"705400","56","17","3"
"705800","42","2",\N
"70600","35","18","1"
"706000","43","10","6"
"706400","31","2",\N
"706600","88","10","4"
"707000","56","6","2"
"707400","23",\N,\N
"707600","55","5","2"
"707800","131","26","11"
"70800","63","6","3"
"708000","57","4",\N
"708200","46","2","2"
"708600","126","36","15"
"708800","48","6",\N
"709200","50","5","2"
"709400","36","2","2"
"709600","38","2",\N
"71000","35","1",\N
"710000","44","5","2"
"710400","93","5","3"
"710600","73","8","4"
"711000","51","6","3"
"711400","52",\N,\N
"711600","34","5","2"
"711800","126","15","6"
"71200","78","9","6"
"712000","112","15","4"
"712400","50",\N,\N
"712600","82","8",\N
"712800","46","6","1"
"713000","89","18","4"
"713200","62","10","2"
"714000","53","9","5"
"714200","67","6","3"
"714400","123","27","8"
"714600","63","1",\N
"714800","51","2",\N
"715200","81","13","9"
"715400","87","17","17"
"715600","97","23","12"
"715800","37","1","1"
"71600","35","18",\N
"716000","138","17","9"
"716200","95","18","2"
"716600","71","3","1"
"716800","104","26","2"
"717200","14",\N,\N
"717600","68","26","16"
"717800","74","12","8"
"71800","39","3","1"
"718200","112","8","1"
"718600","38","4",\N
"718800","101","27","6"
"719000","95","18","12"
"719400","88","3","1"
"719800","77","2","2"
"7200","38","3","2"
"720200","103","6","2"
"720400","12","2",\N
"720600","50","13","7"
"720800","34",\N,\N
"721000","56","3",\N
"721200","154","42","18"
"721600","35",\N,\N
"721800","60","12","3"
"72200","40","2",\N
"722000","28","2",\N
"722400","70","20","9"
"722800","48","12","4"
"723200","53","9",\N
"723400","30",\N,\N
"723800","10","1","1"
"72400","49","19","16"
"724000","74","22","4"
"724400","94","22","10"
"724600","109","21","8"
"725000","51","6","2"
"725400","69","9","6"
"725600","131","32","19"
"725800","37","1","1"
"72600","50","6","4"
"726000","71","9","4"
"726200","40","15","9"
"726400","40","2","2"
"726800","92","20",\N
"727000","62","22","8"
"727200","106","32","12"
"727400","68","15","4"
"727600","23",\N,\N
"72800","47","10","8"
"728000","82","9","6"
"728200","52","2",\N
"728600","66","2","2"
"728800","35","6","4"
"729000","127","27","10"
"729600","63","6",\N
"729800","38","4","1"
"73000","51","3","2"
"730000","44","4","1"
"730200","59","6","1"
"730400","30","8",\N
"730600","52","6","2"
"730800","28",\N,\N
"731000","85","7","5"
"731200","31","2",\N
"731800","17",\N,\N
"73200","53","1","1"
"732000","27","3","1"
"732200","79","8","4"
"732800","93","12","7"
"733000","72","3","1"
"733200","40","3",\N
"733800","34",\N,\N
"73400","32","2","1"
"734000","52","9","4"
"734400","116","33","13"
"734600","30","3",\N
"734800","123","33","18"
"735000","60","9","3"
"735400","86","13","8"
"735600","58","10","4"
"735800","71","11","8"
"736000","43","9",\N
"736200","83","9","6"
"736400","60","4","2"
"736600","29","2","2"
"736800","59","3","3"
"737000","18",\N,\N
"737200","29",\N,\N
"737600","46","10","2"
"737800","53","12","3"
"73800","45","4","3"
"738000","75","8","2"
"738200","95","4",\N
"738600","35","3",\N
"738800","37","4","4"
"739000","44",\N,\N
"739200","87","22","22"
"739600","14",\N,\N
"7400","42","3","3"
"740000","32","4","1"
"740200","50","3","3"
"740600","80","6","4"
"741000","27","2","2"
"741200","56","6","4"
"741400","83","6","2"
"74200","40","3","2"
"742000","55","11","5"
"742200","72","10","7"
"742400","20","4","1"
"742600","43",\N,\N
"742800","72","8","6"
"74400","46","6","5"
"744000","20","2",\N
"744200","106","15","12"
"744400","66","8","4"
"744600","46","7","3"
"745000","51","11","1"
"745400","53","4","2"
"745600","27","4",\N
"746000","84","12","5"
"746400","56","2",\N
"746800","89","6",\N
"747600","89","20","14"
"747800","105","10","3"
"74800","38","3","3"
"748000","99","38","17"
"748400","18",\N,\N
"748600","62","6","6"
"749000","100","15","2"
"749200","48","9","3"
"749400","90","17",\N
"749800","53","5",\N
"75000","46","5","2"
"750200","93","11",\N
"750600","109","17","5"
"750800","74","10","7"
"751000","40","2",\N
"751800","122","43","28"
"752200","114","37","24"
"752400","98","22","12"
"752600","52","14","7"
"753000","100","24","11"
"753200","35","3","1"
"753400","89","7","5"
"753600","27","7","4"
"753800","73","10","6"
"75400","35","3","1"
"754200","52","8","4"
"754600","25","2",\N
"754800","15",\N,\N
"755000","46","4","4"
"755400","88","9","4"
"755600","31",\N,\N
"755800","35","2",\N
"75600","37","2","1"
"756000","62","8","1"
"756200","27",\N,\N
"756400","150","63","27"
"756600","63","2",\N
"756800","62","4","2"
"757000","25","4","2"
"757200","76","5","1"
"757400","85","19","9"
"757600","49","6",\N
"757800","89","18","8"
"75800","51","21","17"
"758000","61","4","1"
"758200","41",\N,\N
"758400","71","18","4"
"758800","36","3","2"
"759000","11","1",\N
"759400","164","69","45"
"759600","65","8",\N
"759800","112","35","23"
"7600","46","3","1"
"76000","39","21",\N
"760600","72","8","5"
"760800","78","26","16"
"761200","88","7","3"
"761400","91","41","27"
"761800","107","22","6"
"76200","34","3","2"
"762400","55","12","4"
"762600","55","4","4"
"762800","80","22","11"
"763000","93","11","5"
"763200","39",\N,\N
"763400","50","7","2"
"763600","114","11",\N
"763800","10",\N,\N
"76400","45","4","4"
"764200","53","2","2"
"764400","60","16","8"
"764600","52","4",\N
"764800","27","2",\N
"765000","68","17","1"
"765400","41","6","2"
"765600","111","42","12"
"765800","19","2",\N
"76600","36","3","1"
"766000","64","10","2"
"766200","74","12","2"
"766400","84","23","15"
"766600","143","23","8"
"766800","21","6","5"
"767000","40","7","2"
"767200","123","14","5"
"767600","41","5",\N
"76800","35","1",\N
"768200","46","7","1"
"768400","44","8","3"
"768600","35",\N,\N
"768800","23","8","4"
"769000","106","28","10"
"769400","58","23","12"
"769600","55",\N,\N
"769800","120","19","10"
"77000","37","1",\N
"770000","75","3","1"
"770200","105","29","18"
"770400","36",\N,\N
"770600","81","18","6"
"771000","112","25","5"
"771200","58","9","2"
"771400","94","26","12"
"77200","30","1","1"
"772000","97","31","18"
"772400","32",\N,\N
"772600","61","14","7"
"772800","58","7","6"
"773000","15","4","2"
"773200","39","8",\N
"773400","36","5","2"
"773600","124","31","6"
"773800","71","7","2"
"77400","44","21","4"
"774000","74","20","7"
"774400","98","24","10"
"774600","117","10","4"
"774800","89","26","10"
"775800","39","4",\N
"77600","40","3","1"
"776000","105","22","11"
"776200","59","15","3"
"776400","51","8",\N
"776800","57","23","15"
"777000","68","17",\N
"777200","22","5","2"
"777400","76","3",\N
"777800","154","31","11"
"77800","55","21","19"
"778000","82","1","1"
"778400","85","7","4"
"778600","71","11",\N
"778800","32","3",\N
"779000","29","7","4"
"779200","116","20","12"
"779600","48","3",\N
"7800","74","8","5"
"78000","37","19","16"
"780000","64","3","1"
"780200","58","10","2"
"780600","46","8",\N
"781000","83","22","9"
"781200","87","24","21"
"781800","137","37","6"
"78200","44","6","2"
"782000","104","37","20"
"782200","68",\N,\N
"782600","113","14","5"
"783200","99","16","7"
"783600","71","6","3"
"783800","84","9","5"
"78400","38","3","2"
"784000","35","3",\N
"784200","61","10",\N
"784400","177","34","12"
"784600","91","18","8"
"784800","54","8","4"
"785000","114","41","18"
"785400","69","14","7"
"785600","47","6","5"
"785800","110","21","7"
"78600","31","2","2"
"786200","73","5","3"
"786400","33","3",\N
"786800","106","12","10"
"787000","75","21","8"
"787200","11",\N,\N
"787600","76","9","4"
"787800","93","30","16"
"788000","115","14","7"
"788400","54","9","4"
"788600","75","20","8"
"788800","109","24","11"
"789000","100","17","10"
"789200","113","21","10"
"789400","18",\N,\N
"789800","31","6","1"
"79000","33","1",\N
"790000","119","24","9"
"790400","74","9","3"
"790800","66","11","3"
"791000","53","2","1"
"791200","32","2",\N
"791600","123","15","2"
"792000","100","10","2"
"792200","61","6",\N
"792400","72","5","4"
"792800","156","25","17"
"793000","45","4","4"
"793200","42","4",\N
"793600","78","7",\N
"793800","61","15","7"
"794000","68","14",\N
"794400","41","4","2"
"794600","121","18","13"
"794800","57","8","2"
"795200","46","10",\N
"795400","95","20","13"
"795600","78","28","20"
"795800","107","32","12"
"79600","37","4","2"
"796200","28","5","4"
"796800","50","2","2"
"797000","34","8","1"
"797400","66","22","11"
"797600","40","11","6"
"797800","67","2","2"
"79800","67","19","16"
"798000","59","3","2"
"798200","67","11","10"
"798600","47","10","4"
"798800","46","6","2"
"799200","86","2",\N
"8000","48","1","1"
"80000","48","2","2"
"800000","60","10","7"
"800200","190","69","43"
"800400","72","4","2"
"800600","68","34","23"
"800800","52","6",\N
"801000","44","3","3"
"801200","72","8",\N
"801400","92","1","1"
"801600","118","15","1"
"801800","112","26","17"
"80200","51","19","2"
"802000","122","26","12"
"802200","69","6",\N
"802600","54",\N,\N
"802800","51","8","2"
"803000","102","20","7"
"803200","44","11","5"
"803400","91","17","12"
"803600","79","14","5"
"803800","34","10","2"
"80400","31","1","1"
"804000","117","11","9"
"804400","34","1",\N
"804600","128","14","3"
"804800","69","9","6"
"805200","61","12","8"
"805400","27",\N,\N
"805600","66","13","2"
"80600","26","2","1"
"806000","39","9","6"
"806200","15",\N,\N
"806400","72","16","12"
"806600","123","18","7"
"807000","65","10","3"
"807400","65","8","2"
"807600","110","13","2"
"807800","14",\N,\N
"80800","32","2",\N
"808000","19","2",\N
"808400","114","30","18"
"809000","59","5",\N
"809200","52","2","2"
"809400","48","8","4"
"809800","160","36","22"
"810000","70","6",\N
"810200","62","10","4"
"810600","25",\N,\N
"810800","178","40","27"
"811000","49","3","2"
"811200","5",\N,\N
"811600","123","48","21"
"811800","103","21","7"
"81200","40","3","2"
"812200","50","7","2"
"812400","110","26","6"
"812600","60","7","3"
"812800","86","6",\N
"813200","31","3","1"
"813400","19","4","2"
"813800","69","11","8"
"814000","69","6",\N
"814200","54","5","2"
"814400","107","30","4"
"815000","90","22","10"
"815200","115","16","9"
"815400","81","19","8"
"815600","37",\N,\N
"815800","93","21","7"
"81600","46","6","4"
"816000","100","21","18"
"816200","25",\N,\N
"816600","121","15","6"
"816800","76","12","2"
"817400","92","9","3"
"817600","125","8","6"
"817800","55","4","1"
"81800","46","3","1"
"818400","86","19","6"
"818600","39","10","4"
"818800","64","6",\N
"819000","104","1","1"
"819400","44","5",\N
"819600","62","11",\N
"819800","112","12","2"
"82000","71","22","18"
"820200","106","16","4"
"820400","13",\N,\N
"820600","90","39","27"
"820800","102","11","1"
"821000","135","30","14"
"821200","90","18","8"
"821400","80","2",\N
"821800","34","5",\N
"82200","51","6","2"
"822200","37","6","4"
"822600","89","14","4"
"822800","56","8","4"
"823000","70","4","1"
"823200","92","19","2"
"823400","112","16","2"
"823600","66","14","10"
"823800","56","2",\N
"824000","97","10",\N
"824200","60","10","3"
"824600","82","24","12"
"824800","71","9","2"
"825400","58","2","2"
"825800","64","7",\N
"82600","49","17","16"
"826000","45","3",\N
"826200","92","14","3"
"826400","41",\N,\N
"826600","124","29","18"
"826800","76","7","6"
"827000","76","9","5"
"827200","49","7","3"
"827800","92","12","5"
"82800","34","17","17"
"828000","19",\N,\N
"828200","85","18","6"
"828400","141","36","10"
"828600","73","11","6"
"829000","155","20","2"
"829200","86","24","10"
"829400","16",\N,\N
"829600","92","16","5"
"83000","37","5","3"
"830000","54","6","2"
"830200","75","2","1"
"830400","121","28","14"
"830600","84","25","18"
"830800","112","6","5"
"831200","156","26","6"
"831800","64","22","13"
"83200","48","3",\N
"832000","17",\N,\N
"832400","54","12","2"
"832800","71","12",\N
"833000","97","8","4"
"833200","65","4",\N
"833600","83","37","18"
"833800","54","8","1"
"83400","34","6","1"
"834000","54","9","5"
"834400","54","9","5"
"834600","43","6","2"
"835200","112","9","5"
"835400","54","6",\N
"835600","78","2",\N
"83600","65","20","17"
"836000","114","30","19"
"836200","71","30","6"
"836400","74","4",\N
"836600","131","26","12"
"836800","22","7","7"
"837000","74","9","3"
"837200","69","9","6"
"837400","62","12","2"
"837600","63","10","1"
"838000","98","27","14"
"838200","59","2",\N
"838400","50","4","2"
"838800","61","7","7"
"839000","111","23","10"
"839200","19",\N,\N
"839400","79","20",\N
"839600","66","4","4"
"839800","63","14","6"
"8400","27",\N,\N
"84000","61","5","3"
"840200","34","3","1"
"840400","116","39","18"
"840800","90","10",\N
"841000","27","3","2"
"841200","74","5","3"
"841400","78","10","8"
"841800","92","25","12"
"842000","79","7","2"
"842200","36","10","2"
"842400","53","8","1"
"842600","73","3","1"
"842800","101","15","12"
"843000","40",\N,\N
"843200","29","3","3"
"843400","99","30","12"
"84400","35","4","1"
"844000","88","8","8"
"844200","149","30","17"
"844400","41","8","1"
"844800","42","7",\N
"845000","44","4","2"
"845200","42","8","4"
"845400","67","16","2"
"84600","37","1","1"
"846000","49","8","5"
"846400","58","8",\N
"846600","24",\N,\N
"846800","71","12","3"
"847000","40",\N,\N
"847200","25",\N,\N
"847400","26",\N,\N
"847600","39","3","3"
"847800","116","39","12"
"84800","70","4","1"
"848200","83",\N,\N
"848400","122","15","6"
"849000","34","3","2"
"849200","107","12","6"
"849400","13",\N,\N
"849600","122","34","16"
"850000","76","8","6"
"850400","118","23","13"
"850600","92","9","7"
"850800","84","7","2"
"851600","60","12","4"
"851800","48","1","1"
"85200","44","5","2"
"852000","63","6",\N
"852200","59","7","5"
"852400","36","2",\N
"852600","134","14","6"
"852800","108","12","5"
"853000","122","16","7"
"853400","71","9","3"
"853800","59","3",\N
"85400","41","18","1"
"854000","90","14","5"
"854200","21",\N,\N
"854400","100","26","4"
"854800","157","43","24"
"855000","87","11","4"
"855400","87","7","4"
"855600","111","27","20"
"855800","33","2","1"
"85600","28","1","1"
"856600","81","15","4"
"856800","90","14","4"
"857000","39",\N,\N
"857200","137","26","5"
"857400","46","2",\N
"857600","73","6","4"
"857800","97","8","2"
"85800","31","4","2"
"858000","40","4","3"
"858200","36","7","3"
"858800","47","11","6"
"859000","42","10","6"
"859200","65","7","2"
"859400","105","22","9"
"859600","48","8","2"
"859800","92","7","5"
"86000","46","6","4"
"860400","47","6","4"
"860600","62","8","6"
"860800","105","33","20"
"861000","75","13","8"
"861200","42","10",\N
"861400","25","4","1"
"861600","147","14","6"
"86200","42","4","1"
"862000","43","1","1"
"862200","148","35","10"
"862400","70","16","6"
"862600","97","17","11"
"862800","97","5",\N
"863000","72","6","4"
"863200","51",\N,\N
"863600","55","5",\N
"863800","59","8","4"
"86400","43",\N,\N
"864000","63","4","1"
"864600","146","62","37"
"864800","61","4",\N
"865000","51","9","3"
"865200","25","4",\N
"865400","20",\N,\N
"865800","80","10","1"
"86600","50","4","3"
"866200","66","6","2"
"866400","109","13","5"
"866600","77","17","11"
"866800","55","3","2"
"867000","85","9",\N
"867200","86","11","3"
"867600","57","10","2"
"867800","104","24","10"
"868000","58","16","8"
"868200","36","1",\N
"868400","23","15","8"
"868600","47","2",\N
"868800","107","13","9"
"869000","167","56","34"
"869200","161","21","9"
"869600","79","11","5"
"869800","78","17",\N
"87000","40","3","3"
"870000","76","12","7"
"870200","19","2",\N
"870400","97","4",\N
"870600","28",\N,\N
"870800","43","7","3"
"871000","90","20","10"
"871200","77","6",\N
"871400","65","7","2"
"871600","77","6","2"
"871800","69","15","11"
"87200","61","24","6"
"872000","173","37","32"
"872400","92","18","2"
"872800","122","15","4"
"873000","71","8","4"
"873400","123","30","16"
"873600","51","6","1"
"87400","79","18","18"
"874000","54","6","6"
"874400","58","17","4"
"874600","80","11","2"
"874800","41","5","5"
"875000","57","12","4"
"875200","106","20","6"
"875400","77","13","9"
"875600","55","6","2"
"875800","85","7","2"
"87600","36","1",\N
"876000","49","9","9"
"876200","74","9","3"
"877000","101","16","6"
"877200","68","1",\N
"877400","61","17","3"
"877800","31",\N,\N
"878200","91","18","7"
"878600","77","6",\N
"878800","99","25","13"
"879000","103","6","3"
"879200","78","8","5"
"879400","38","2",\N
"879600","37","6","6"
"879800","35","3","2"
"8800","47","7","4"
"880000","92","6","1"
"880200","49","13","5"
"880800","71","13","5"
"881000","46","2","1"
"881200","52","3",\N
"881400","52","7","6"
"881600","58","8","1"
"881800","129","26","23"
"88200","43","25","23"
"882200","60","6","6"
"882800","90","10","4"
"883000","66","10","4"
"883400","90","20","17"
"883600","90","7","1"
"883800","33","7","4"
"884000","101","11","9"
"884400","102","15","10"
"884600","67","6","4"
"884800","84","9","2"
"885000","44","2","2"
"885200","140","31","14"
"885400","122","30","5"
"885600","126","28","4"
"885800","45","7",\N
"88600","42","2","1"
"886000","73","8",\N
"886200","98","11","4"
"886400","72","12","5"
"886600","81","7",\N
"887000","107","21","7"
"887800","102","32","18"
"88800","57","8","1"
"888000","22",\N,\N
"888200","71","2","1"
"888400","54","6","3"
"888600","43","3","2"
"889000","31","3","1"
"889600","41","6","5"
"889800","57","10","4"
"89000","27","2","1"
"890000","38","8","2"
"890400","53","1",\N
"890600","74","9","1"
"891000","70","10","4"
"891200","57","12","4"
"891400","71","12","8"
"891600","56","4","2"
"891800","131","20","5"
"89200","34","2","1"
"892000","148","23","10"
"892200","48","9","6"
"892400","27","5","3"
"892600","109","27","18"
"893000","46","10","5"
"893200","77","16","5"
"893400","42","5","3"
"893800","124","13","6"
"89400","81","13","4"
"894000","147","42","18"
"894200","105","20","11"
"894400","119","17","6"
"894800","102","26","15"
"895200","37","4","2"
"895400","101","18","11"
"895600","164","55","24"
"895800","43","2","1"
"896000","53","5","2"
"896200","116","14","6"
"896600","96","14","6"
"897000","88","24","9"
"897400","75","14",\N
"89800","33","2","1"
"898000","48","14","11"
"898400","31","2","2"
"898600","61","6","2"
"898800","95","16","3"
"899000","42","8","5"
"899200","72","17","7"
"899400","40",\N,\N
"899600","88","25","6"
"899800","110","29","15"
"9000","45","1",\N
"90000","25","6",\N
"900000","76","9","3"
"900400","123","31","19"
"900800","151","38","20"
"901000","107","20","14"
"901200","43","13","2"
"901400","33","4","1"
"901600","128","24","8"
"90200","62","10","2"
"902000","115","5","2"
"902200","92","11","4"
"902400","91","14","4"
"902600","54","5","2"
"903200","43",\N,\N
"903400","70","6","4"
"903600","155","52","23"
"903800","103","22","11"
"90400","62","8","1"
"904000","41","3","2"
"904400","95","10",\N
"904600","43","2",\N
"904800","29","2",\N
"905000","79","23","12"
"905600","61","11","5"
"90600","50","5","2"
"906000","59","7","4"
"906200","58","10","4"
"906400","34","4","2"
"906600","119","42","9"
"907400","53","7","1"
"907800","72","5","2"
"908200","78","19","9"
"908400","64","10","4"
"908600","94","14","5"
"908800","47","3",\N
"909000","87","11","9"
"909400","27","2","2"
"909600","49","9","4"
"909800","105","23","12"
"91000","56","4",\N
"910600","30",\N,\N
"910800","109","20","4"
"911000","115","27","7"
"911200","155","42","29"
"911400","111","4","4"
"911600","129","25","3"
"911800","101","13","6"
"91200","26","3",\N
"912200","67","2","2"
"912400","47","2","2"
"912600","101","27","17"
"912800","119","34","26"
"913200","56","8",\N
"913400","37","5","1"
"913600","97","12","7"
"913800","57","7","3"
"91400","40","18","16"
"914000","110","24","13"
"914200","48","5","3"
"914600","95","22","8"
"914800","55","6","5"
"915000","92","25","15"
"915200","14",\N,\N
"915600","40","6","6"
"915800","48","5","2"
"91600","55","22","3"
"916000","74","14","5"
"916200","35",\N,\N
"916400","75","14","12"
"916800","47","4","1"
"917600","103","6","2"
"91800","68","19","2"
"918200","15",\N,\N
"918400","112","20","6"
"918600","62","5","5"
"919000","61","11","5"
"919200","19","1",\N
"919400","90","32","8"
"919600","60","13","5"
"9200","43","1","1"
"92000","28","2","2"
"920000","104","20","13"
"920200","101","12","10"
"920400","115","3","1"
"921000","100","32","16"
"921400","58","3","1"
"921600","62","4","2"
"921800","47","16","3"
"92200","50","5",\N
"922200","91","3",\N
"922400","110","12","2"
"922600","59","6","2"
"923000","90","11","9"
"923200","70","10","2"
"923400","163","37","18"
"92400","37","2","1"
"924000","60","8","3"
"924200","73","11","5"
"924400","79","9","3"
"924600","135","16","8"
"925000","162","35","11"
"925200","65","6","3"
"925400","60","4","2"
"925600","26",\N,\N
"926000","71","16","11"
"926200","79","15","4"
"926400","61","7","3"
"926600","80","17","4"
"927000","138","45","10"
"927200","78","21","7"
"927400","121","14","5"
"927600","140","27","10"
"927800","64","3","2"
"92800","34","2","1"
"928200","91","26","11"
"928400","118","14","9"
"928600","63","7","3"
"928800","48","4","2"
"929000","36","7","5"
"929400","35",\N,\N
"929600","100","7","4"
"929800","44","3","1"
"93000","34","3","1"
"930000","60","2","2"
"930400","57","3","3"
"930600","129","22","4"
"930800","59","6","3"
"931800","97","22","10"
"93200","44","2","2"
"932400","68","15","8"
"932600","79","16",\N
"933200","36",\N,\N
"933400","85","3",\N
"933800","151","37","20"
"93400","38","2","1"
"934000","122","29","16"
"934200","52","6","4"
"934400","98","7","5"
"934600","27",\N,\N
"935000","64","12","3"
"935200","97","19","8"
"935400","82","7","4"
"935600","123","23","7"
"935800","132","33","16"
"93600","38","2","2"
"936000","128","37","14"
"936200","93","20","18"
"936800","96","21","6"
"937000","44","6","3"
"937200","98","6","2"
"937400","141","43","24"
"937600","81","2",\N
"937800","131","9","3"
"93800","67","7","4"
"938200","56",\N,\N
"938400","93","10","4"
"938600","92","7","2"
"938800","153","48","19"
"939000","143","22","5"
"939400","123","19","8"
"9400","43","3","2"
"94000","31","5","3"
"940000","34","3","2"
"940400","80","18","7"
"940600","87","13","6"
"940800","50","11","5"
"941000","110","15","4"
"941200","56","9","8"
"941400","55","17","8"
"941600","86","30","6"
"941800","70","12","3"
"942000","45","9","7"
"942200","106","20","15"
"942400","31","6","6"
"942600","78","10","2"
"942800","97","6","5"
"943200","151","76","30"
"943400","50","13","8"
"943600","93","20","9"
"943800","83","11","3"
"94400","98","16","16"
"944000","116","18","7"
"944200","96","7","3"
"944400","109","17","4"
"944600","88","8",\N
"944800","72","10","6"
"945000","102","24","7"
"945200","108","35","14"
"945800","61","18","7"
"946000","38","2","1"
"946400","84","3","1"
"946800","30",\N,\N
"947000","125","8",\N
"947400","86","6",\N
"94800","36","3","3"
"948000","68","4","2"
"948200","94","12","4"
"948400","111","17","5"
"948600","66","15","3"
"948800","108","11","5"
"949000","46","5","3"
"949200","60","13","4"
"949400","100","10","1"
"949600","88","9","5"
"949800","119","20","8"
"95000","27","2","1"
"950000","112","60","38"
"950400","60","4","2"
"950600","137","14","5"
"951000","48",\N,\N
"951200","54","19","12"
"951600","48","8","5"
"951800","65","10","6"
"952000","49","2",\N
"952200","32","5","3"
"952400","67","5","5"
"952600","97","29","4"
"952800","48","9","6"
"953200","55","5","2"
"953400","67","4","1"
"953600","104","22","6"
"95400","58","21","17"
"954000","54","6",\N
"954200","62","7","3"
"954400","36","6",\N
"954800","42","2",\N
"955000","42","8",\N
"955400","80","6","3"
"955600","61","11","4"
"95600","45","7","4"
"956200","60","3","3"
"956400","46","6","2"
"956600","126","15","3"
"956800","114","12","3"
"957000","82","17",\N
"957400","31",\N,\N
"957600","32",\N,\N
"958000","13",\N,\N
"958400","63","12","8"
"958600","35","4","2"
"958800","95","19","16"
"959000","26","4","1"
"959200","103","18","11"
"959400","88","16","5"
"959600","66","16","12"
"959800","72","6",\N
"9600","42","4","2"
"96000","39","21","18"
"960000","50","5","1"
"960200","68","2",\N
"960400","80","11","5"
"960600","52","16","7"
"960800","67","13","4"
"961000","158","25","12"
"961400","72","15","7"
"961600","84","9","2"
"961800","140","16","10"
"962000","103","17","7"
"962200","98","9","4"
"962400","56","16","4"
"962600","36","11","7"
"962800","16",\N,\N
"963000","75","12",\N
"963600","108","23","15"
"963800","59","6",\N
"96400","56","8","6"
"964200","92","23","7"
"964400","78","9","6"
"964800","71","16","9"
"965000","68","20",\N
"965200","150","47","16"
"965400","88","16","6"
"965600","65","3",\N
"965800","180","42","34"
"96600","58","19","17"
"966200","62","15","4"
"966400","77","11","4"
"966600","65","7",\N
"967200","87","11","3"
"967400","39","4","2"
"967600","87","24","15"
"967800","24","4","4"
"968000","82","25","15"
"968200","60","14","2"
"968400","69","8","1"
"968600","120","31","23"
"968800","66","14","4"
"969000","91","22","14"
"969400","61","6","5"
"969600","49","6","1"
"969800","62","21","17"
"97000","36","18","1"
"970000","121","37","20"
"970200","112","42","24"
"970600","85","16","11"
"971000","53","11","3"
"971200","36","4","4"
"971400","85","11","3"
"971600","134","33","19"
"971800","106","23","16"
"97200","42","5","3"
"972000","61","14","6"
"972200","32","3",\N
"972400","63","8",\N
"972600","80","5",\N
"972800","126","23","12"
"973000","84","5","1"
"973200","47","20","16"
"973800","94","19","7"
"974000","97","14","7"
"974200","69","14","8"
"974400","50","12","12"
"974600","92","11","5"
"974800","188","64","40"
"975000","112","20","9"
"975600","91","4","3"
"976000","54","4",\N
"976200","69","11","1"
"976400","167","27","14"
"976800","41","4",\N
"977000","46","3",\N
"977200","86","8","3"
"977600","70","8","4"
"977800","57","6","4"
"978000","47","5","2"
"978200","96","11","5"
"978400","75","18","6"
"978600","53","3","2"
"978800","146","39","9"
"979000","84","34","25"
"979400","105","15","4"
"980000","99","18","5"
"980200","68","8",\N
"980400","157","26","12"
"981000","101","10","6"
"981200","168","59","28"
"981400","121","38","27"
"981600","51","8","4"
"981800","93","17","13"
"98200","28","19","17"
"982000","154","28","5"
"982200","59","2","1"
"982400","101","21","10"
"982800","104","16","7"
"983000","105","7","3"
"983200","146","29","13"
"983400","93","15","6"
"983600","64","7","7"
"983800","139","39","15"
"98400","40","3","1"
"984200","66","13","8"
"984600","149","31","16"
"985200","52","8","6"
"985600","84","25","4"
"985800","93","26","10"
"98600","37","19","3"
"986400","68","5","2"
"986800","59","16","6"
"987000","111","27","13"
"987200","44","20","10"
"987400","62","12","4"
"987600","83","10","4"
"98800","37","6","2"
"988000","77","12","4"
"988600","18","2","2"
"988800","66","5","3"
"989000","45","5",\N
"989200","27",\N,\N
"989400","87","10","7"
"989600","54","6","6"
"989800","99","30","20"
"99000","69","3","2"
"990200","43",\N,\N
"990400","69","11","6"
"990600","85","14","4"
"990800","52","1",\N
"991000","35","7","3"
"991200","27","17",\N
"991600","51","1","1"
"99200","42","3","3"
"992000","92","19","7"
"992200","70","12","7"
"993000","123","29","9"
"993200","96","23","9"
"99400","17","2","1"
"994000","137","31","15"
"994200","114","32","4"
"994400","90","10","5"
"994600","50","7","1"
"994800","32","3","1"
"995600","97","20","2"
"99600","38","3","2"
"996200","63","17","6"
"996400","55","3","1"
"996600","34","6","3"
"996800","123","33","15"
"997800","70","16","9"
"99800","52","9","5"
"998200","2","2","2"
"998400","150","21","7"
"998600","65","9","2"
"998800","26","2",\N
"999000","106","9","4"
"999600","62","6","2"
